Placement,Horse,Jockey,Trainer,Horse weight,Lane position,Win odds,Time in s,sec_pos1,sec_pos2,sec_pos3,sec_pos4,sec_pos5,sec_pos6
2,BEAT HOLLOW (G414),Y L Chung,Y S Tsui,1201,11,5,70.9,1,1,2,0,0,0
3,FORTUNE MASTER (D371),Z Purton,J Richards,1095,5,6,72.1,9,9,3,0,0,0
4,DAILY TROPHY (H283),H Bowman,C Fownes,1158,7,3,72.3,7,6,4,0,0,0
5,MY INTELLIGENT (G031),E C W Wong,W Y So,1120,6,8,75.4,2,2,5,0,0,0
6,MAGIC TRAVELLER (H102),K Teetan,W Y So,1108,10,55,76.0,10,10,6,0,0,0
7,ALL IS READY (G042),L Ferraris,M Newnham,1241,2,5,77.6,11,11,7,0,0,0
8,GENERAL ACE (G425),L Hewitson,K W Lui,1079,3,24,72.7,8,7,8,0,0,0
9,PERFECT ROCK (G175),H T Mo,Y S Tsui,1103,9,52,73.4,6,8,9,0,0,0
10,FINGERS CROSSED (G403),M Chadwick,M Newnham,1276,1,15,77.2,4,3,10,0,0,0
11,SUPER ELITE (H247),M L Yeung,P F Yiu,1087,4,11,73.9,5,5,11,0,0,0
1,PANDA (H466),Z Purton,C H Yip,1075,12,7,62.8,8,7,1,0,0,0
2,BOWSER (H460),A Hamelin,P F Yiu,1172,8,26,64.3,10,10,2,0,0,0
3,METRO WARRIOR (D387),K C Leung,D A Hayes,1210,13,5,64.3,2,2,3,0,0,0
4,LIFELINE EXPRESS (H439),J McDonald,J Size,1130,6,2,64.5,5,6,4,0,0,0
5,MR GOOD VIBES (H180),A Badel,D J Hall,1078,9,40,64.7,6,8,5,0,0,0
6,LESS IS MORE (H406),H Bowman,F C Lor,1098,11,6,66.1,9,5,6,0,0,0
7,SPARKLING DOLPHIN (C332),L Hewitson,Y S Tsui,1209,1,33,58.6,1,1,7,0,0,0
8,GANGNAM STAR (H326),K Teetan,P C Ng,1091,4,15,59.3,12,11,8,0,0,0
9,JOLLY COMPANION (H454),C L Chau,K L Man,1196,5,19,59.3,7,9,9,0,0,0
10,FAMILY FORTUNE (H447),H Bentley,C Fownes,989,14,97,59.3,14,14,10,0,0,0
11,LUCKY CHARM (J147),B Avdulla,C S Shum,1110,2,114,62.1,13,12,11,0,0,0
12,VALIANT ELEGANCE (D285),M Chadwick,D J Whyte,1129,7,29,63.0,3,3,12,0,0,0
13,PHILOS (H371),Y L Chung,A S Cruz,1147,10,60,59.9,4,4,13,0,0,0
14,PACKING BRILLIANT (H421),A Atzeni,K W Lui,1117,3,8,61.1,11,13,14,0,0,0
1,ILLUMINOUS (J170),K Teetan,F C Lor,999,6,19,70.6,9,6,1,0,0,0
2,YOUNG CHAMPION (J195),J McDonald,J Size,1121,1,7,71.4,6,5,2,0,0,0
3,NOT USUAL STAR (G396),C L Chau,W Y So,1022,4,23,73.0,4,4,3,0,0,0
4,I GIVE (H036),A Atzeni,P C Ng,1186,3,4,73.3,1,1,4,0,0,0
5,ORIENTAL SMOKE (E467),M L Yeung,D A Hayes,1244,5,44,73.4,7,7,5,0,0,0
6,MIDORI BEAUTY (G334),K De Melo,W Y So,1265,8,11,76.3,10,10,6,0,0,0
7,PRAWNS ELEVEN (J140),L Hewitson,M Newnham,1100,2,42,77.1,3,3,7,0,0,0
8,KA YING VICTORY (H287),Z Purton,D J Hall,1243,7,2,77.2,2,2,8,0,0,0
9,EXCELLENT FIGHTER (G343),M Barzalona,P F Yiu,1181,10,6,77.9,8,9,9,0,0,0
10,KA YING POWER (H169),A Badel,A S Cruz,1072,9,86,77.2,5,8,10,0,0,0
1,VANTASTIC CHOICE (G401),Y L Chung,C H Yip,1091,6,13,90.9,3,1,1,1,0,0
2,FOOLISH HEART (J054),K C Leung,C W Chang,1128,7,14,83.3,6,4,4,2,0,0
3,SKY HEART (J092),H Bowman,C Fownes,1202,14,3,84.6,8,9,8,3,0,0
4,CALIFORNIATOTALITY (H418),K Teetan,A S Cruz,1040,11,4,84.8,11,10,10,4,0,0
5,LUCKY GOLD (G112),M Chadwick,K W Lui,1197,3,24,85.0,10,8,7,5,0,0
6,BALLISTIC WIN (J040),C L Chau,T P Yung,1209,5,13,86.7,2,3,2,6,0,0
7,I CAN (H381),Z Purton,P C Ng,1073,8,7,87.9,7,7,5,7,0,0
8,CHATER GOLD (J004),A Badel,D A Hayes,1030,4,35,88.4,5,6,6,8,0,0
9,KING OF THE COURT (E384),L Hewitson,W Y So,1156,10,46,88.5,12,11,9,9,0,0
10,GOLD TACK (H106),K De Melo,D J Hall,1052,1,5,88.6,9,12,11,10,0,0
11,KING OBERON (H407),L Ferraris,K H Ting,1116,9,46,89.2,1,2,3,11,0,0
12,CIRCUIT BLAZING (H479),A Atzeni,W K Mo,1268,12,53,89.8,14,13,12,12,0,0
13,HEARTY WISH (E343),H Bentley,D J Whyte,1069,13,120,92.6,13,14,13,13,0,0
14,GO HERO (H315),A Hamelin,Y S Tsui,1031,2,42,112.1,4,5,14,14,0,0
1,KA YING GENERATION (J075),A Atzeni,P C Ng,1152,8,18,130.8,4,4,4,4,1,0
2,SIMPLE HEDGE (H237),Z Purton,J Size,1162,1,2,122.4,5,5,5,5,2,0
3,INTREPID WINNER (G144),K De Melo,C W Chang,1054,6,18,126.0,8,8,8,9,3,0
4,GALLANT HERO (E480),K Teetan,D J Hall,1088,9,18,126.7,9,9,9,8,4,0
5,ENIGMA (J077),Y L Chung,A S Cruz,1082,7,50,128.1,1,1,1,1,5,0
6,AWESOME FLUKE (J050),H Bentley,C Fownes,1188,11,32,128.8,11,11,11,11,6,0
7,ESCAPE ROUTE (E273),J McDonald,J Size,1088,4,7,130.2,2,3,3,3,7,0
8,SWAN BAY (H062),A Badel,W Y So,1114,2,3,130.8,3,2,2,2,8,0
9,BILLIONAIRE SECRET (G303),M Barzalona,P C Ng,1029,3,6,123.8,7,7,7,6,9,0
10,ELLIPTICAL (J052),H Bowman,C Fownes,1036,5,11,125.3,6,6,6,7,10,0
11,HAKKA RADIANCE (J105),L Ferraris,W K Mo,1147,10,54,130.2,10,10,10,10,11,0
1,HELIOS EXPRESS (H302),H Bowman,J Size,1115,6,1,98.4,3,3,3,1,0,0
2,HELENE FEELING (H215),Z Purton,C S Shum,1227,5,8,101.3,2,2,2,2,0,0
3,STAR MAC (J053),K Teetan,D A Hayes,1191,3,46,101.7,7,7,8,3,0,0
4,SPEED DRAGON (H380),M Barzalona,K W Lui,1156,1,22,102.8,6,5,4,4,0,0
5,BEAUTY CRESCENT (H334),A Atzeni,A S Cruz,1078,2,24,103.3,5,6,6,5,0,0
6,CHANCHENG GLORY (H212),L Hewitson,K W Lui,1157,4,18,103.7,1,1,1,6,0,0
7,FALLON (H219),M L Yeung,A S Cruz,1121,7,11,97.1,9,8,9,7,0,0
8,HOWDEEPISYOURLOVE (H093),J McDonald,J Size,1199,9,14,99.0,8,9,7,8,0,0
9,MOMENTS IN TIME (H474),A Badel,C S Shum,1065,8,52,99.1,4,4,5,9,0,0
1,NIMBLE NIMBUS (E249),A Atzeni,P F Yiu,1156,5,7,111.0,7,8,10,10,1,0
2,FIVE G PATCH (G286),M Chadwick,A S Cruz,1020,1,8,111.3,10,10,9,9,2,0
3,STRAIGHT ARRON (G435),H Bowman,C Fownes,1119,3,9,112.5,14,13,12,11,3,0
4,LA CITY BLANCHE (G371),K Teetan,A S Cruz,1010,7,10,113.0,9,9,7,7,4,0
5,CHAMPION DRAGON (G070),Y L Chung,A S Cruz,1130,8,21,114.8,5,2,2,2,5,0
6,FANTASTIC TREASURE (E269),M L Yeung,D A Hayes,1220,10,37,115.8,3,5,8,8,6,0
7,HAPPY TOGETHER (G446),A Badel,F C Lor,1130,2,3,115.8,6,7,6,6,7,0
8,ENCOUNTERED (G236),K C Leung,K L Man,1155,12,15,115.9,2,3,5,5,8,0
9,SPIRITED EXPRESS (G356),M F Poon,P F Yiu,1196,6,23,116.9,11,11,13,13,9,0
10,SWORD POINT (G448),L Hewitson,F C Lor,1137,4,10,108.3,4,4,3,3,10,0
11,TOURBILLON DIAMOND (E054),H Bentley,M Newnham,1237,9,37,108.4,12,12,11,12,11,0
12,SUPER SUNNY SING (G319),B Avdulla,W Y So,1116,14,9,108.6,8,6,4,4,12,0
13,SENOR TOBA (G103),K De Melo,C Fownes,1167,11,50,110.6,13,14,14,14,13,0
14,MONEY CATCHER (G171),L Ferraris,F C Lor,1143,13,45,111.4,1,1,1,1,14,0
1,SUNLIGHT POWER (H244),H Bentley,P F Yiu,1082,7,4,88.7,8,7,7,1,0,0
2,ARIEL (G223),L Hewitson,D A Hayes,1219,1,7,90.7,1,1,1,2,0,0
3,TOP SCORER (J120),Z Purton,J Size,1235,12,4,84.4,9,14,14,3,0,0
4,CAN'T GO WONG (H087),M F Poon,F C Lor,1157,14,39,84.7,14,12,12,4,0,0
5,PATCH OF TIME (H483),L Ferraris,K H Ting,1136,2,9,84.9,2,4,2,5,0,0
6,CORDYCEPS ONE (E107),A Hamelin,C H Yip,1121,6,21,85.0,5,5,5,6,0,0
7,ONLY U (J037),C L Chau,T P Yung,1110,11,73,86.0,11,11,11,7,0,0
8,MASTER TORNADO (G410),K Teetan,W Y So,1189,9,7,86.4,12,10,9,8,0,0
9,SPEEDSTAR (G181),A Badel,D J Hall,1089,5,23,87.2,3,2,3,9,0,0
10,YOU'REMYEVERYTHING (E413),Y L Chung,A S Cruz,1015,3,17,87.8,10,9,10,10,0,0
11,HAPPY FOR ALL (H181),K C Leung,J Richards,1089,10,16,88.4,6,8,6,11,0,0
12,JOY OF SPRING (H383),H Bowman,C Fownes,1008,8,12,89.2,13,13,13,12,0,0
13,RAINBOW DELIGHT (J009),M Chadwick,D J Whyte,1047,4,97,90.1,7,6,8,13,0,0
14,ISLAND GOLDEN (H018),B Avdulla,K L Man,1073,13,54,91.2,4,3,4,14,0,0
1,GOLDEN FAIRY (E448),A Badel,W Y So,1051,6,10,145.9,2,3,3,3,3,1
2,HAPPY HERO (G322),K Teetan,M Newnham,1055,4,12,146.3,9,9,8,8,8,2
3,LOYAL AMBITION (E489),B Avdulla,C Fownes,1033,8,12,146.4,3,2,2,2,1,3
4,DIAMOND WINNER (H285),A Hamelin,J Size,1118,2,4,147.0,6,6,6,6,6,4
5,FORTUNE TRIPLE (D274),M Chadwick,Y S Tsui,1044,10,18,139.1,10,10,9,9,9,5
6,AI ONE (E139),L Ferraris,K H Ting,1054,12,27,139.6,12,11,11,12,11,6
7,NICE BIRDIE (G470),C L Chau,C S Shum,1190,9,7,139.7,4,4,4,5,5,7
8,PALACE PAL (G172),H Bowman,D J Hall,996,11,4,141.8,7,8,10,10,10,8
9,VINCY (B213),Y L Chung,C H Yip,1090,5,28,141.8,11,12,12,11,12,9
10,JOYFUL CHAMPION (G072),L Hewitson,C W Chang,1154,1,8,143.3,5,5,5,4,4,10
11,GREEN LASER (E409),M L Yeung,W Y So,1125,3,10,145.0,8,7,7,7,7,11
12,M M NEBULA (G279),Z Purton,P C Ng,1119,7,16,144.6,1,1,1,1,2,12
1,TELECOM SPEED (G259),H Bowman,Y S Tsui,1172,6,11,71.2,6,6,1,0,0,0
2,YEABOI (G372),M Chadwick,C H Yip,1126,8,37,76.2,10,10,2,0,0,0
3,GALLANT VALOUR (H323),Z Purton,J Richards,1107,7,3,76.6,8,7,3,0,0,0
4,LYRICAL MOTION (G081),E C W Wong,C Fownes,1100,10,6,77.2,3,4,4,0,0,0
5,KILINDINI (E236),K Teetan,W K Mo,1157,5,5,77.6,5,5,5,0,0,0
6,CHIU CHOW BROTHER (E188),A Badel,K L Man,1072,9,29,79.6,2,2,6,0,0,0
7,HIGH PERCENTAGE (G413),L Hewitson,T P Yung,1110,4,6,72.9,4,3,7,0,0,0
8,EXUBERANT (E282),B Avdulla,C S Shum,1210,3,11,73.5,9,9,8,0,0,0
9,WOOD ON FIRE (C460),K C Leung,C W Chang,1149,11,44,75.9,11,11,9,0,0,0
10,DIAMOND SOARS (G201),L Ferraris,P F Yiu,1204,12,14,73.7,1,1,10,0,0,0
11,FLYING ROMANTIC (J057),A Atzeni,D J Hall,1114,1,27,74.5,7,8,11,0,0,0
1,CIRCUIT SEVEN (D474),M F Poon,W K Mo,1178,3,17,64.5,5,5,1,0,0,0
2,HARMONY FIRE (E175),H Bowman,D J Whyte,1111,9,11,64.8,1,1,2,0,0,0
3,OVERSUBSCRIBED (C361),A Badel,D J Hall,1203,2,7,64.8,4,4,3,0,0,0
4,SERGEANT PEPPER (E432),E C W Wong,Y S Tsui,1150,1,9,65.4,2,3,4,0,0,0
5,LEAN MASTER (H134),H Bentley,C H Yip,1072,10,27,65.7,3,2,5,0,0,0
6,G ONE EXCELLENT (E359),C L Chau,C S Shum,1209,11,77,59.2,11,12,6,0,0,0
7,SAVVY DELIGHT (E386),A Atzeni,J Size,1207,7,11,59.2,7,6,7,0,0,0
8,GALLANT GOODY (H434),M L Yeung,P F Yiu,1091,4,81,60.9,8,9,8,0,0,0
9,SUPER FAST DRAGON (G456),L Hewitson,J Richards,1196,12,2,61.3,12,10,9,0,0,0
10,BEAUTY DESTINY (H281),M Chadwick,F C Lor,1213,6,6,61.8,6,7,10,0,0,0
11,LIFE IS GOOD (H118),Y L Chung,P C Ng,1100,5,10,63.4,9,8,11,0,0,0
12,SCOTCH TYCOON (G088),B Avdulla,M Newnham,1103,8,46,60.8,10,11,12,0,0,0
1,NOBLE PURSUIT (H324),H Bowman,C Fownes,1160,9,6,104.2,5,4,4,1,0,0
2,SURE JOYFUL (G125),M F Poon,P F Yiu,1078,8,7,106.4,8,8,8,2,0,0
3,ATOMIC BEAUTY (H066),H Bentley,A S Cruz,1217,10,8,106.6,3,2,2,3,0,0
4,KYRUS UNICORN (D267),A Atzeni,D J Hall,1106,4,10,107.8,11,11,9,4,0,0
5,RED MAJESTY (E028),K H Chan,D A Hayes,1230,6,16,108.4,2,3,3,5,0,0
6,CONCERTO (E176),B Avdulla,K H Ting,1043,5,14,108.5,4,5,5,6,0,0
7,PRINCE ALEX (G307),L Hewitson,D J Whyte,1061,2,8,109.3,7,7,7,7,0,0
8,TO INFINITY (G277),Y L Chung,J Richards,1042,1,12,109.5,9,9,10,8,0,0
9,SNOWALOT (E397),K Teetan,D A Hayes,1098,11,9,109.8,12,12,12,9,0,0
10,AMAZING BOY (D513),K C Leung,C W Chang,1104,3,13,110.7,10,10,11,10,0,0
11,TURIN WARRIOR (G150),Z Purton,K L Man,1104,12,6,103.8,6,6,6,11,0,0
12,SUPER BABY (G364),L Ferraris,M Newnham,1188,7,22,107.7,1,1,1,12,0,0
1,HAPPY GOLF (H056),H Bowman,F C Lor,1197,2,3,73.4,5,5,1,0,0,0
2,ALLOY KING (D287),M L Yeung,K H Ting,1129,9,36,73.5,1,1,2,0,0,0
3,COUNTRY DANCER (H436),A Hamelin,J Size,1116,4,8,73.5,3,4,3,0,0,0
4,KING ECCELLENTE (G264),K Teetan,D J Whyte,1136,10,5,74.6,10,9,4,0,0,0
5,JUMBO LEGEND (G266),E C W Wong,C Fownes,1088,11,11,75.7,11,11,5,0,0,0
6,TALENTS SUPREMO (H133),B Avdulla,W K Mo,1111,3,4,76.0,8,8,6,0,0,0
7,ISLAND BRIGHT (H363),M F Poon,P F Yiu,1084,5,64,76.6,2,2,7,0,0,0
8,HIGH RISE SOLDIER (C511),M Chadwick,K W Lui,1077,8,17,77.8,4,3,8,0,0,0
9,GREAT ACHIEVER (J049),C L Chau,T P Yung,1067,7,15,79.8,6,7,9,0,0,0
10,BRAVO WARRIOR (J088),K De Melo,W Y So,1040,1,36,79.9,7,6,10,0,0,0
11,LUCKY SYMPHONY (J089),Z Purton,J Richards,1150,6,9,79.9,9,10,11,0,0,0
1,NICCONI COUNTY (G208),K Teetan,C Fownes,1155,7,10,72.7,7,5,1,0,0,0
2,HARMONY N BLESSED (E061),K C Leung,D A Hayes,1214,2,22,73.0,4,4,2,0,0,0
3,JUMBO FORTUNE (G195),A Hamelin,P C Ng,1279,6,31,74.2,12,12,3,0,0,0
4,ACT OF FAITH (H082),A Atzeni,J Size,1065,5,11,76.1,10,8,4,0,0,0
5,EXCELLENT PEERS (G033),M Chadwick,F C Lor,1150,8,20,76.2,5,6,5,0,0,0
6,GRATEFUL HEART (D278),H Bentley,W Y So,1141,4,16,78.5,11,11,6,0,0,0
7,NEVER TOO SOON (E434),K De Melo,D J Hall,1118,3,7,78.6,9,10,7,0,0,0
9,O'LINER (H264),H Bowman,T P Yung,1260,9,9,76.9,6,7,9,0,0,0
10,ONE FOR ALL (G012),L Hewitson,M Newnham,1267,1,5,77.0,1,1,10,0,0,0
11,CELESTIAL COLOURS (H362),Z Purton,J Richards,1161,10,3,79.0,2,2,11,0,0,0
12,SUPERB CAPITALIST (H092),Y L Chung,A S Cruz,1170,12,7,72.2,3,3,12,0,0,0
1,TOMODACHI KOKOROE (H303),K Teetan,D A Hayes,1186,12,11,76.2,4,4,1,0,0,0
2,BEAUTY WAVES (H294),Z Purton,D J Whyte,1185,3,1,78.8,1,1,2,0,0,0
3,RIGHTEOUS ARION (H059),Y L Chung,A S Cruz,1189,11,10,71.5,8,8,3,0,0,0
4,A AMERIC TE SPECSO (H037),M F Poon,J Size,1083,8,14,71.8,10,9,4,0,0,0
5,POWER KOEPP (E301),M Chadwick,K L Man,1108,4,41,72.2,5,6,5,0,0,0
6,ARMOUR EAGLE (G093),K C Leung,J Richards,1156,7,21,73.8,6,5,6,0,0,0
7,GOLDEN DARCI (H470),K De Melo,D J Hall,1149,1,105,74.0,7,7,7,0,0,0
8,BRAVE STAR (G268),L Hewitson,K W Lui,1103,5,7,74.9,3,3,8,0,0,0
9,HOSS (H055),A Atzeni,P C Ng,1114,2,36,75.4,9,10,9,0,0,0
10,VIVA CHALEUR (G368),H Bowman,C Fownes,1106,10,11,73.3,11,11,10,0,0,0
11,SPEED SWORD (H397),A Badel,F C Lor,1120,9,25,76.8,12,12,11,0,0,0
12,MEGA BONUS (E184),A Hamelin,P F Yiu,1266,6,36,78.6,2,2,12,0,0,0
1,SIMPLY MAVERICK (H346),A Atzeni,P F Yiu,1217,6,2,100.5,7,7,6,1,0,0
2,RED HARE KING (H188),L Hewitson,A S Cruz,1099,5,4,103.3,2,3,4,2,0,0
3,TURIN MASCOT (H165),K Teetan,P C Ng,1116,11,22,103.5,9,10,9,3,0,0
4,IVY LEAGUE (H116),M Chadwick,D J Whyte,1220,4,20,104.0,6,4,1,4,0,0
5,WINNING DRAGON (E461),Y L Chung,A S Cruz,1065,10,26,107.6,5,2,3,5,0,0
6,ROMANTIC LAOS (G476),Z Purton,W K Mo,1143,12,13,108.1,11,9,8,6,0,0
7,SOLID IMPACT (E447),K De Melo,D J Hall,1033,3,12,108.3,3,6,5,7,0,0
8,GALLANT WAKING (G165),C L Chau,K W Lui,1118,7,12,109.1,8,8,10,8,0,0
9,LEAN HERO (G402),H Bowman,D A Hayes,1175,8,8,104.2,10,11,11,9,0,0
10,FASHION LEGEND (J080),H Bentley,C Fownes,1039,1,46,107.8,1,1,2,10,0,0
11,MAJESTIC SPEED (J018),M L Yeung,C S Shum,1154,2,67,106.3,4,5,7,11,0,0
1,NICHOLSON RETURNS (E452),Z Purton,D J Hall,1249,3,4,126.8,7,7,7,6,1,0
2,SHARPEN BRIGHT (H276),L Ferraris,D J Hall,1013,6,15,123.1,9,9,9,8,2,0
3,ROMANTIC FANTASY (H168),A Badel,C S Shum,1114,7,69,127.3,6,6,6,7,3,0
4,WONDER YEARS (G001),H Bowman,D J Whyte,1230,8,11,127.9,10,10,10,10,4,0
5,WINNING STEPS (G420),A Atzeni,P C Ng,1162,2,7,131.2,5,5,5,4,5,0
6,SPECIAL HEDGE (H354),C L Chau,T P Yung,1064,10,10,124.3,1,1,1,1,6,0
7,LITTLE FAIRY (H206),K Teetan,P F Yiu,1146,1,2,126.3,4,3,3,2,7,0
8,JUBILATION (G029),M L Yeung,W Y So,1099,9,12,130.4,2,4,4,3,8,0
9,DARCI JOY (E161),Y L Chung,P F Yiu,1086,4,8,128.4,3,2,2,5,9,0
10,SUPER HONG KONG (D241),K C Leung,K L Man,1076,5,25,131.0,8,8,8,9,10,0
1,SMART BEAUTY (G477),Y L Chung,A S Cruz,1098,13,10,100.3,14,14,12,1,0,0
2,DIAMOND DIAMOND (H189),L Hewitson,T P Yung,1201,2,9,100.9,8,8,9,2,0,0
3,CHARMANDER (G437),Z Purton,J Richards,1156,11,5,100.9,5,6,6,3,0,0
4,BROTHER PEARL (H030),L Ferraris,C H Yip,1043,10,16,101.4,12,13,13,4,0,0
5,ARTHUR'S KINGDOM (E194),M F Poon,Y S Tsui,1016,3,18,102.1,9,10,11,5,0,0
6,STAR OF GLORY (E316),A Atzeni,C W Chang,1063,14,30,103.4,6,4,4,6,0,0
7,STARSHIP EIGHTY (H022),A Badel,P C Ng,1243,8,10,104.6,13,11,10,7,0,0
8,ANGELS HUNTER (G193),M Chadwick,K L Man,1110,6,6,98.3,4,5,5,8,0,0
9,FASTPASS (H040),K De Melo,K W Lui,1043,12,38,103.9,2,2,2,9,0,0
10,HAPPY HUNK (H101),K C Leung,K L Man,1210,7,89,98.9,1,1,1,10,0,0
11,GENERAL WINNER (E376),A Hamelin,W Y So,1293,1,10,101.8,7,7,7,11,0,0
12,EAGLE RUN (G415),K Teetan,D J Whyte,1197,4,34,107.3,3,3,3,12,0,0
13,BRILLIANT PIONEER (G255),H Bentley,P F Yiu,1058,9,15,100.1,10,12,14,13,0,0
1,ACE VICTORY (H076),Z Purton,T P Yung,1228,12,4,77.8,1,1,1,0,0,0
2,LOYAL BO BO (J011),K C Leung,F C Lor,1179,6,5,70.7,2,2,2,0,0,0
3,SECOND TO NONE (H319),J Kah,K W Lui,1144,1,2,71.2,4,4,3,0,0,0
4,WINNING HEART (H065),M L Yeung,A S Cruz,1139,4,37,73.3,11,10,4,0,0,0
5,LUCKY FIONN (J047),A Hamelin,J Richards,1124,13,22,74.5,13,13,5,0,0,0
6,SONIC BOOM (H144),A Badel,K H Ting,1121,11,20,75.9,12,11,6,0,0,0
7,WOODFIRE CHAMP (H292),L Hewitson,C W Chang,1004,2,24,76.6,9,8,7,0,0,0
8,LUCKY QUALITY (D050),E C W Wong,C Fownes,1121,14,42,77.1,6,6,8,0,0,0
9,FOREMOST TEDDY (J058),Y L Chung,C S Shum,1181,10,101,77.7,3,3,9,0,0,0
10,WINNING GOLD (H461),K De Melo,W Y So,1039,9,166,78.6,14,14,10,0,0,0
11,PHOENIX LIGHT (G192),H Bowman,C H Yip,1073,8,8,79.1,8,7,11,0,0,0
12,THE GOOD DEAL (G025),K Teetan,D J Whyte,1130,5,24,79.8,5,5,12,0,0,0
13,MUST GO (J133),A Atzeni,J Size,1144,3,23,71.8,7,9,13,0,0,0
14,PATCH OF KINGDOM (H478),M F Poon,K L Man,1233,7,205,75.4,10,12,14,0,0,0
1,PANDA LEGEND (H002),K De Melo,W Y So,1266,6,34,89.5,6,8,7,1,0,0
2,SMART FIGHTER (H278),K Teetan,P F Yiu,1162,11,5,90.1,7,6,5,2,0,0
3,I CAN (H381),Y L Chung,P C Ng,1075,4,64,91.5,11,10,10,3,0,0
4,WAR OF COURAGE (C483),E C W Wong,K L Man,1290,3,10,91.9,1,3,3,4,0,0
5,CLUB SODA (H312),A Atzeni,J Size,1142,10,21,83.7,5,4,4,5,0,0
6,AMAZING RUN (H401),J Kah,D A Hayes,1299,9,17,83.8,2,2,2,6,0,0
7,HAPPY DAILY (E294),H Bowman,C H Yip,1081,12,7,84.1,14,12,11,7,0,0
8,CELTIC TIMES (G230),Z Purton,W K Mo,1234,1,2,84.2,3,5,6,8,0,0
9,PERFETTO (G198),A Hamelin,D J Hall,1090,8,9,84.3,13,13,13,9,0,0
10,CAN'T GO WONG (H087),M F Poon,F C Lor,1165,14,56,86.0,12,14,14,10,0,0
11,ME TIME (J074),B Avdulla,D J Whyte,1053,2,37,87.9,8,7,9,11,0,0
12,HAPPY FEELING (H443),M Chadwick,J Richards,1060,5,56,90.5,9,11,12,12,0,0
13,CALIFORNIA ICON (H404),L Hewitson,A S Cruz,1148,7,48,92.6,10,9,8,13,0,0
14,SUPER TEN (D362),M L Yeung,C W Chang,1265,13,116,86.9,4,1,1,14,0,0
1,BEATO (H090),Z Purton,A S Cruz,1141,7,3,95.5,8,8,8,1,0,0
2,JOYFUL PROSPERITY (H213),K C Leung,C W Chang,1079,6,6,98.1,3,5,5,2,0,0
3,CHILLI BABA (G339),K Teetan,P F Yiu,1178,13,12,100.2,7,7,7,3,0,0
4,FLYING MOJITO (G412),L Ferraris,D J Hall,1112,5,5,100.8,11,12,10,4,0,0
5,DRAGON PRIDE (D164),A Badel,T P Yung,1121,4,31,101.4,10,9,9,5,0,0
6,GALLANT CROWN (D359),J Kah,D A Hayes,1092,10,36,96.4,2,3,3,6,0,0
7,HORSE OF GOOD LUCK (H160),K De Melo,C H Yip,1129,9,14,99.3,1,2,2,7,0,0
8,PRINCE ALEX (G307),L Hewitson,D J Whyte,1073,1,9,101.6,6,4,4,8,0,0
9,CHATEAU (H214),A Atzeni,J Size,1075,14,8,104.0,4,1,1,9,0,0
10,ROYAL PRIDE (E351),E C W Wong,C Fownes,1105,2,17,105.1,5,6,6,10,0,0
11,BONUS PAL (H360),Y L Chung,P C Ng,1086,11,67,97.5,9,10,12,11,0,0
12,UP AND UP (H163),C L Chau,C S Shum,1103,3,55,98.7,12,11,11,12,0,0
13,GO GO SIXTEEN (E244),M F Poon,K L Man,1289,8,87,113.2,13,13,13,13,0,0
1,CHAMPION INSTINCT (H012),A Atzeni,D J Hall,1174,4,6,74.3,4,4,1,0,0,0
2,PATCH OF THETA (H485),K De Melo,K W Lui,1207,10,7,75.5,10,8,2,0,0,0
3,SUPER LEGENDS (H364),Y L Chung,C S Shum,1113,6,3,70.8,9,9,3,0,0,0
4,NEW POWER (H325),M L Yeung,C W Chang,1102,5,44,71.5,8,10,4,0,0,0
5,HAPPY FAT CAT (G166),E C W Wong,W K Mo,1103,8,40,71.7,1,1,5,0,0,0
6,TELECOM DRAGON (H322),H Bowman,C H Yip,1106,9,5,72.0,11,11,6,0,0,0
7,RUBY SAILING (H347),B Avdulla,K L Man,1165,3,9,72.9,3,3,7,0,0,0
8,HINOKAMI KAGURA (H384),H Bentley,J Richards,1127,1,70,73.0,6,5,8,0,0,0
9,CRAZY TREASURE (J063),L Ferraris,M Newnham,1045,12,96,73.2,13,12,9,0,0,0
10,MULTISUPER (G416),J Kah,P F Yiu,1169,13,12,73.7,2,2,10,0,0,0
11,THE KHAN (H489),K Teetan,C Fownes,1066,11,23,74.2,12,13,11,0,0,0
12,MORE RICE (H271),L Hewitson,T P Yung,1191,14,44,74.2,5,6,12,0,0,0
13,FAST BUCK (H126),Z Purton,J Size,1172,2,10,78.6,7,7,13,0,0,0
14,YOUTH POWER (H358),K C Leung,D A Hayes,1040,7,91,73.9,14,14,14,0,0,0
1,GORGEOUS WIN (J008),Z Purton,C S Shum,1150,3,1,71.6,4,4,1,0,0,0
2,EIGHTY LIGHT YEARS (H170),C L Chau,T P Yung,1261,8,10,72.3,3,2,2,0,0,0
3,COLOURFUL EMPEROR (H167),L Hewitson,A S Cruz,1036,6,12,77.3,1,1,3,0,0,0
4,LAUGH TALE (G406),M Chadwick,K L Man,1202,9,129,70.3,11,10,4,0,0,0
5,ENTERPRISE ATTACK (H340),A Hamelin,K W Lui,1085,1,9,71.3,6,6,5,0,0,0
6,IMA SINGLE MAN (D476),B Avdulla,A S Cruz,1200,5,66,71.5,8,7,6,0,0,0
7,STORM LEGEND (G139),K Teetan,C Fownes,1072,11,85,71.8,14,13,7,0,0,0
8,GOKO WIN (H069),H Bowman,C H Yip,1083,12,22,72.9,12,12,8,0,0,0
9,SHOW RESPECT (H138),Y L Chung,M Newnham,1096,2,31,73.2,13,14,9,0,0,0
10,ORIENTAL SMOKE (E467),K C Leung,D A Hayes,1257,4,121,73.5,7,8,10,0,0,0
11,SUNNY DARLING (J171),A Atzeni,P C Ng,1198,7,17,74.8,5,5,11,0,0,0
12,ATOMIC FORCE (G221),H Bentley,C Fownes,1142,14,133,76.1,9,9,12,0,0,0
13,STAR LINE (J110),L Ferraris,D J Hall,1199,13,135,77.2,10,11,13,0,0,0
14,SAKEWIN (G275),M F Poon,F C Lor,1089,10,93,75.6,2,3,14,0,0,0
1,VICTOR THE WINNER (G404),K C Leung,C S Shum,1093,10,38,73.3,1,1,1,0,0,0
2,LUCKY WITH YOU (E356),A Atzeni,F C Lor,1238,7,20,76.2,6,4,2,0,0,0
3,WELLINGTON (D176),H Bowman,J Richards,1168,6,7,77.2,9,5,3,0,0,0
4,SON PAK FU (G265),C L Chau,T P Yung,1232,4,37,78.4,4,6,4,0,0,0
5,FLYING ACE (G045),A Badel,D J Hall,1217,9,46,70.7,11,9,5,0,0,0
6,LUCKY SWEYNESSE (G180),Z Purton,K L Man,1201,5,1,71.1,10,11,6,0,0,0
7,TAJ DRAGON (H164),K Teetan,P C Ng,1034,8,13,71.6,8,8,7,0,0,0
8,WHIZZ KID (E392),M L Yeung,A S Cruz,1194,11,104,71.7,2,2,8,0,0,0
9,PACKING TREADMILL (G161),J Kah,K W Lui,1178,2,23,74.2,7,10,9,0,0,0
10,COURIER WONDER (D449),L Ferraris,M Newnham,1246,12,110,75.0,13,13,10,0,0,0
11,DUKE WAI (C188),H Bentley,P C Ng,1134,13,126,76.7,12,12,11,0,0,0
12,SIGHT SUCCESS (D375),B Avdulla,J Size,1166,3,46,76.9,3,3,12,0,0,0
13,SUPER WEALTHY (D108),L Hewitson,P C Ng,1188,1,100,74.0,5,7,13,0,0,0
1,SWEET ENCOUNTER (G426),Z Purton,J Size,1186,13,4,95.7,10,9,10,1,0,0
2,FLAMINGO TRILLION (H192),K C Leung,F C Lor,1231,5,3,95.8,1,2,2,2,0,0
3,STAR MAC (J053),K Teetan,D A Hayes,1194,3,7,96.1,8,10,9,3,0,0
4,GOLDEN ARTIE (G434),A Atzeni,P F Yiu,1218,10,11,98.8,2,4,5,4,0,0
5,FLAGSHIP WARRIOR (G452),H Bowman,C Fownes,1041,6,8,99.5,11,12,12,5,0,0
6,BEAUTY MISSILE (H123),A Hamelin,F C Lor,1197,8,28,102.0,5,7,6,6,0,0
7,BEAUTYVERSE (H075),Y L Chung,A S Cruz,1170,14,19,102.1,3,1,1,7,0,0
8,AESTHETICISM (H289),L Ferraris,P C Ng,1052,7,11,103.0,13,13,13,8,0,0
9,POWERFUL WINGS (G225),J Kah,P F Yiu,1090,1,10,104.3,12,11,11,9,0,0
10,I AM THE BOSS (H446),L Hewitson,K W Lui,1134,4,31,104.5,6,5,4,10,0,0
11,NOT A FEW (J109),M Chadwick,D J Whyte,1020,9,149,98.3,7,6,8,11,0,0
12,I KEEP WINNING (H400),C L Chau,T P Yung,1203,11,119,98.6,4,3,3,12,0,0
13,ACCOLADE START (H331),B Avdulla,C S Shum,1037,2,34,98.6,9,8,7,13,0,0
1,SWEET ENCOUNTER (G426),Z Purton,J Size,1186,13,4,95.7,10,9,10,1,0,0
2,FLAMINGO TRILLION (H192),K C Leung,F C Lor,1231,5,3,95.8,1,2,2,2,0,0
3,STAR MAC (J053),K Teetan,D A Hayes,1194,3,7,96.1,8,10,9,3,0,0
4,GOLDEN ARTIE (G434),A Atzeni,P F Yiu,1218,10,11,98.8,2,4,5,4,0,0
5,FLAGSHIP WARRIOR (G452),H Bowman,C Fownes,1041,6,8,99.5,11,12,12,5,0,0
6,BEAUTY MISSILE (H123),A Hamelin,F C Lor,1197,8,28,102.0,5,7,6,6,0,0
7,BEAUTYVERSE (H075),Y L Chung,A S Cruz,1170,14,19,102.1,3,1,1,7,0,0
8,AESTHETICISM (H289),L Ferraris,P C Ng,1052,7,11,103.0,13,13,13,8,0,0
9,POWERFUL WINGS (G225),J Kah,P F Yiu,1090,1,10,104.3,12,11,11,9,0,0
10,I AM THE BOSS (H446),L Hewitson,K W Lui,1134,4,31,104.5,6,5,4,10,0,0
11,NOT A FEW (J109),M Chadwick,D J Whyte,1020,9,149,98.3,7,6,8,11,0,0
12,I KEEP WINNING (H400),C L Chau,T P Yung,1203,11,119,98.6,4,3,3,12,0,0
13,ACCOLADE START (H331),B Avdulla,C S Shum,1037,2,34,98.6,9,8,7,13,0,0
1,GREEN N WHITE (H186),Z Purton,P F Yiu,1146,5,3,86.8,7,8,7,1,0,0
2,E LEGEND (G028),M Chadwick,K L Man,1128,12,136,87.5,2,3,3,2,0,0
3,SWEET BRIAR (H044),L Hewitson,K W Lui,1085,9,11,87.6,3,6,5,3,0,0
4,SINBA (H091),H Bentley,A S Cruz,1188,11,12,88.7,11,11,8,4,0,0
5,AMAZING VICTORY (G123),K C Leung,W Y So,1048,2,9,88.7,8,7,9,5,0,0
6,MASTER OF FORTUNE (G474),J Kah,P C Ng,1264,3,15,89.0,10,9,10,6,0,0
7,AMAZING DUCK (H392),M F Poon,K H Ting,1086,10,35,89.9,1,1,1,7,0,0
8,BEAUTY FIT (E279),A Hamelin,J Size,1210,4,6,90.3,6,5,6,8,0,0
9,FUN TOGETHER (H041),C L Chau,T P Yung,1154,14,11,90.6,4,2,2,9,0,0
10,TAMRA BLITZ (G237),H Bowman,D J Whyte,1113,8,28,91.5,12,12,11,10,0,0
11,AORAKI SUMMIT (H300),A Atzeni,F C Lor,1148,13,4,83.9,5,4,4,11,0,0
12,FOREVER CHARM (J081),A Badel,M Newnham,1272,6,46,86.4,9,10,12,12,0,0
13,JUNE PLANET (H080),K Teetan,C Fownes,1100,1,17,91.4,13,13,13,13,0,0
1,BLISSFUL STAR (E168),A Hamelin,K H Ting,1135,4,3,117.9,4,3,4,5,1,0
2,WINNING STEPS (G420),H Bentley,P C Ng,1176,5,5,117.9,3,4,5,4,2,0
3,RIGHTEOUS DOCTRINE (C197),L Hewitson,C W Chang,1188,3,9,111.1,9,8,9,8,3,0
4,AMAZING TEENS (E449),A Atzeni,J Size,1082,1,5,113.5,6,5,7,6,4,0
5,SPLENDID STAR (G026),K Teetan,D J Whyte,1097,7,40,114.5,7,9,6,7,5,0
6,HARRY'S HERO (H332),H Bowman,P F Yiu,1057,2,5,115.0,8,7,1,1,6,0
7,KIMBERLEY (H329),Z Purton,J Richards,1079,10,8,115.4,5,6,8,10,7,0
8,READY PLAYER ONE (G143),B Avdulla,J Richards,1189,8,25,117.0,10,10,10,9,8,0
9,SAMARKAND (H070),Y L Chung,D A Hayes,1173,11,15,117.4,2,2,3,2,9,0
10,PAKISTAN FRIEND (B370),M Chadwick,W Y So,1077,6,32,113.5,1,1,2,3,10,0
11,YEE CHEONG WARRIOR (E025),M F Poon,D J Hall,1109,9,69,113.0,11,11,11,11,11,0
1,ALL FOR ST PAUL'S (C517),Y L Chung,F C Lor,1122,2,8,101.0,1,1,1,1,0,0
2,ALACRITY (H210),K Teetan,J Richards,1087,7,4,102.2,2,2,2,2,0,0
3,MR ASCENDENCY (G227),H Bentley,P F Yiu,1125,1,8,103.7,3,3,4,3,0,0
4,CHANCHENG PRINCE (D270),H Bowman,K W Lui,1164,5,2,103.9,4,4,3,4,0,0
5,FIND MY LOVE (H110),M L Yeung,K L Man,1170,4,13,107.0,7,7,7,5,0,0
6,APACHE PASS (D433),C Y Ho,P C Ng,1105,6,7,108.3,6,6,5,6,0,0
7,BERLIN TANGO (E120),M F Poon,A S Cruz,1071,3,14,109.1,5,5,6,7,0,0
8,NEARLY FINE (E430),L Hewitson,C Fownes,1128,8,32,103.9,8,8,8,8,0,0
1,G LINER (H072),K Teetan,J Richards,1104,4,14,105.0,1,1,1,1,0,0
2,MISSION BRAVO (E383),L Ferraris,M Newnham,1241,13,11,106.1,14,11,5,2,0,0
3,VIVA HUNTER (E369),E C W Wong,K L Man,1177,6,8,107.0,9,8,10,3,0,0
4,LUCKY BANNER (G354),H Bowman,C Fownes,1010,3,3,108.3,3,4,2,4,0,0
5,NOBLE WIN (H195),Z Purton,J Size,1176,12,4,101.6,10,10,4,5,0,0
6,WINNING SEVEN (J005),B Avdulla,D J Whyte,1116,1,80,105.1,6,6,6,6,0,0
7,KASI FARASI (B385),A Badel,C H Yip,1098,7,31,107.5,2,3,3,7,0,0
8,THE CONCENTRATION (H465),M F Poon,P F Yiu,1045,8,102,109.6,8,9,11,8,0,0
9,YOUNG HORIZON (G272),M Chadwick,D A Hayes,1193,5,9,104.0,4,5,7,9,0,0
10,LEGION OF MERIT (D419),L Hewitson,W Y So,1252,2,6,106.8,7,7,9,10,0,0
11,GOODBAN BANBANBANG (G432),K De Melo,C W Chang,966,14,178,107.0,13,14,13,11,0,0
12,FORTUNE PRESIDENT (G054),M L Yeung,Y S Tsui,1099,10,36,107.9,12,13,12,12,0,0
13,SMILING COLLECTOR (G128),H Bentley,K H Ting,1130,11,15,108.3,5,2,8,13,0,0
14,LUCKY CHEVALIERS (J094),K C Leung,K L Man,1082,9,129,107.2,11,12,14,14,0,0
1,CHIRON (E151),K C Leung,D A Hayes,1160,7,18,104.5,13,13,11,1,0,0
2,CHARMING STEED (E494),A Badel,C Fownes,1090,10,33,105.9,3,3,3,2,0,0
3,ASIAN ONE (E400),A Atzeni,J Richards,1103,1,10,106.6,7,8,7,3,0,0
4,STARSHIP EIGHTY (H022),K Teetan,P C Ng,1267,11,4,106.8,6,6,8,4,0,0
5,BAEBAE TSOI (E116),A Hamelin,C H Yip,1107,9,66,101.3,2,2,2,5,0,0
6,PRECISION GOAL (H016),H Bowman,T P Yung,1097,14,4,101.4,1,1,1,6,0,0
7,GO GO GO (H196),C Y Ho,W Y So,1108,6,10,103.1,10,9,10,7,0,0
8,UNITED ENDEAVORS (G030),Y L Chung,W Y So,1121,3,6,103.8,5,5,4,8,0,0
9,COMPULSORY (E328),M Chadwick,C W Chang,1118,8,46,105.2,14,14,9,9,0,0
10,SUPER JOY (G251),Z Purton,W K Mo,1114,12,7,105.3,11,11,12,10,0,0
11,REGENCY HAPPY STAR (H248),L Hewitson,A S Cruz,1062,13,42,107.4,12,7,6,11,0,0
12,BIG TWO (E310),H Bentley,D J Whyte,1142,5,26,108.1,4,4,5,12,0,0
13,DEVIL AND GOLD (G443),E C W Wong,C H Yip,1110,4,13,105.8,8,10,13,13,0,0
14,SHENZHOU TWELVE (G164),M L Yeung,Y S Tsui,1096,2,133,109.8,9,12,14,14,0,0
1,SKY FOREVER (E414),B Avdulla,K L Man,1068,11,13,69.1,11,10,1,0,0,0
2,COOL BLUE (H011),K Teetan,F C Lor,1043,4,6,72.5,10,9,2,0,0,0
3,DIAMOND SOARS (G201),Y L Chung,P F Yiu,1203,7,14,74.5,9,11,3,0,0,0
4,ROBOT KNIGHT (H464),L Ferraris,T P Yung,1094,8,50,74.7,5,3,4,0,0,0
5,ACA POWER (E144),E C W Wong,D J Hall,1011,12,6,75.3,12,12,5,0,0,0
6,FLYING DRAGON (E360),H Bowman,C H Yip,1292,5,5,76.2,6,7,6,0,0,0
7,REGENT GLORY (E323),K C Leung,D A Hayes,1077,6,5,77.9,4,5,7,0,0,0
8,SHANGHAI STYLE (J093),M F Poon,C S Shum,1162,3,13,72.1,2,2,8,0,0,0
9,EVERYONE'S VICTORY (E177),H Bentley,F C Lor,1164,9,10,72.8,7,8,9,0,0,0
10,COLOURFUL PRINCE (E418),L Hewitson,D J Whyte,1185,2,6,74.5,1,1,10,0,0,0
11,SHINING FORTUNE (G252),A Atzeni,J Size,1083,10,37,71.7,8,6,11,0,0,0
12,RED MAVERICK (J067),M L Yeung,Y S Tsui,1264,1,52,72.6,3,4,12,0,0,0
1,STRIVE FOR GLORY (D186),K De Melo,W Y So,1108,10,40,76.4,12,11,1,0,0,0
2,SPEEDY SMARTIE (H108),L Hewitson,T P Yung,1115,6,7,77.9,3,2,2,0,0,0
3,SOLID SHALAA (H228),K Teetan,D A Hayes,1174,2,9,71.8,8,7,3,0,0,0
4,MAYHEM (H226),A Atzeni,F C Lor,1091,3,7,72.7,6,5,4,0,0,0
5,VALIANT ELEGANCE (D285),A Hamelin,D J Whyte,1126,12,54,72.9,1,1,5,0,0,0
6,JOLLY COMPANION (H454),E C W Wong,K L Man,1195,1,15,75.0,5,3,6,0,0,0
7,JOYFUL LIFE (H426),K C Leung,P F Yiu,1090,11,5,75.2,4,4,7,0,0,0
8,NISHIKADO (H172),M L Yeung,Y S Tsui,1135,9,25,75.4,11,12,8,0,0,0
9,JUDY'S GREAT (J016),C Y Ho,C S Shum,1106,4,9,76.5,9,9,9,0,0,0
10,TOP TOP TEA (H048),H Bowman,C H Yip,1155,7,11,77.3,10,10,10,0,0,0
11,MAGIC SUPREME (D144),M Chadwick,K L Man,1126,5,25,77.1,7,8,11,0,0,0
12,DIAMOND FLARE (H224),L Ferraris,M Newnham,1287,8,3,72.4,2,6,12,0,0,0
1,MAGNIAC (H141),H Bowman,J Richards,1200,2,3,74.0,4,4,1,0,0,0
2,SMOKEY BEAR (E126),K De Melo,C W Chang,1157,5,14,77.1,8,6,2,0,0,0
3,CAPITAL DELIGHT (H262),C Y Ho,C Fownes,1182,6,4,69.3,9,7,3,0,0,0
4,SPORTS LEGEND (H456),M L Yeung,C S Shum,1152,9,23,69.4,3,2,4,0,0,0
5,TORONADO PHANTOM (E300),A Atzeni,J Size,1131,10,14,69.9,11,10,5,0,0,0
6,MARK THE MOMENT (H088),L Hewitson,Y S Tsui,1213,12,11,71.5,1,1,6,0,0,0
7,SAVVY CHIC (G261),M F Poon,F C Lor,1168,1,39,73.8,10,9,7,0,0,0
8,FIERY DIAMOND (G022),E C W Wong,T P Yung,1217,8,14,74.9,6,5,8,0,0,0
9,GOOD BUDDY (E097),A Badel,D J Hall,1304,11,9,75.0,7,8,9,0,0,0
10,LADY'S CHOICE (H155),K C Leung,C W Chang,1116,4,7,78.3,5,11,10,0,0,0
11,ALL IS GOOD (G269),L Ferraris,K W Lui,1200,3,41,77.1,12,12,11,0,0,0
12,CAMPIONE (G235),Y L Chung,A S Cruz,1162,7,14,77.2,2,3,12,0,0,0
1,SO WE JOY (D082),A Atzeni,C W Chang,1088,11,23,98.9,11,11,6,1,0,0
2,ADEFILL (G317),H Bowman,P F Yiu,1167,3,4,101.5,10,10,11,2,0,0
3,YELLOWFIN (G326),L Hewitson,K W Lui,1211,8,6,101.8,1,1,1,3,0,0
4,PERFECT TEAM (H120),E C W Wong,C Fownes,1069,7,14,102.5,14,14,9,4,0,0
5,FRANTANCK (H429),K Teetan,P C Ng,1148,4,2,102.8,3,4,2,5,0,0
6,OUTGATE (H113),Y L Chung,A S Cruz,1060,13,28,105.3,2,2,3,6,0,0
7,SELF IMPROVEMENT (H337),K C Leung,K L Man,1116,10,19,105.4,6,6,4,7,0,0
8,SEIZING THE MOMENT (E444),A Hamelin,J Size,1080,14,41,105.8,13,12,10,8,0,0
9,ABSOLUTE SUNSHINE (H342),M F Poon,D A Hayes,1114,2,103,103.9,7,8,12,9,0,0
10,NORDIC STAR (G433),A Badel,C S Shum,1040,9,12,105.4,12,13,13,10,0,0
11,LOYAL BABY (E130),B Avdulla,W K Mo,1174,1,102,108.4,8,7,5,11,0,0
12,EVERYONE'S DELIGHT (D029),M Chadwick,F C Lor,1143,6,72,103.4,5,3,7,12,0,0
13,MIGHTY ARMOUR (H071),M L Yeung,T P Yung,1040,12,145,106.8,4,5,8,13,0,0
1,HERCULES (C476),H Bowman,C H Yip,1082,12,17,78.5,11,9,1,0,0,0
2,HARMONY N HOME (C531),Y L Chung,C S Shum,1070,11,35,78.7,12,12,2,0,0,0
3,DOUBLE SHOW (G250),K Teetan,D J Whyte,1228,1,6,79.3,8,8,3,0,0,0
4,NOIR RIDER (E138),M L Yeung,C W Chang,1190,6,29,71.9,7,7,4,0,0,0
5,H Z TOURBILLON (E149),C L Chau,T P Yung,1035,4,10,73.0,9,10,5,0,0,0
6,COLONEL (D090),Z Purton,P F Yiu,1192,10,2,73.3,2,2,6,0,0,0
7,WIND SPEEDER (E281),M Chadwick,Y S Tsui,1068,3,7,73.5,5,5,7,0,0,0
8,GET THE MONIES (G168),L Ferraris,M Newnham,1108,2,14,75.4,6,6,8,0,0,0
9,TIMESTORM (G109),E C W Wong,D J Hall,1076,8,25,80.9,1,1,9,0,0,0
10,BAYVIEW STAR (G411),K De Melo,W K Mo,1271,7,97,72.8,10,11,10,0,0,0
11,ISLAND SURPRISE (E429),K C Leung,K L Man,1156,9,20,73.6,3,4,11,0,0,0
12,MODEST GENTLEMAN (G352),A Atzeni,K W Lui,1059,5,5,75.8,4,3,12,0,0,0
1,BABY CRYSTAL (H081),Y L Chung,K W Lui,1223,12,4,64.2,3,4,1,0,0,0
2,STELLAR EXPRESS (J186),J McDonald,J Size,1087,14,4,65.1,7,3,2,0,0,0
3,RUBYLOT (H412),K Teetan,D A Hayes,1112,1,12,57.5,14,14,3,0,0,0
4,PLEASANT ENDEAVOR (E114),E C W Wong,P F Yiu,1202,5,21,58.0,8,9,4,0,0,0
5,PRINCE OF PORTY (H009),A Badel,D J Hall,1163,8,8,58.4,13,8,5,0,0,0
6,MA COMET (H391),Z Purton,J Richards,1136,11,6,58.9,9,7,6,0,0,0
7,VICTORY MOMENTS (H142),M Chadwick,F C Lor,1146,3,15,60.0,11,11,7,0,0,0
8,FLYING HIGH (E204),H Bowman,W Y So,1113,10,9,61.2,6,5,8,0,0,0
9,CHEVAL VALIANT (E336),A Atzeni,D J Whyte,1128,13,10,63.2,2,1,9,0,0,0
10,CALIFORNIA TOUCH (J051),B Avdulla,W K Mo,1259,7,37,64.7,4,6,10,0,0,0
11,SUPER COMMANDER (D350),M F Poon,P C Ng,1061,9,26,65.3,1,2,11,0,0,0
12,CALIFORNIA DEEPLY (G451),H Bentley,A S Cruz,1094,4,24,66.2,10,12,12,0,0,0
13,ROMANTIC NOVELIST (J167),L Ferraris,M Newnham,1083,2,68,62.0,5,10,13,0,0,0
14,FORTUNE WHISKEY (J153),M L Yeung,C W Chang,1095,6,73,66.5,12,13,14,0,0,0
1,HELIOS EXPRESS (H302),H Bowman,J Size,1115,6,1,98.4,3,3,3,1,0,0
2,HELENE FEELING (H215),Z Purton,C S Shum,1227,5,8,101.3,2,2,2,2,0,0
3,STAR MAC (J053),K Teetan,D A Hayes,1191,3,46,101.7,7,7,8,3,0,0
4,SPEED DRAGON (H380),M Barzalona,K W Lui,1156,1,22,102.8,6,5,4,4,0,0
5,BEAUTY CRESCENT (H334),A Atzeni,A S Cruz,1078,2,24,103.3,5,6,6,5,0,0
6,CHANCHENG GLORY (H212),L Hewitson,K W Lui,1157,4,18,103.7,1,1,1,6,0,0
7,FALLON (H219),M L Yeung,A S Cruz,1121,7,11,97.1,9,8,9,7,0,0
8,HOWDEEPISYOURLOVE (H093),J McDonald,J Size,1199,9,14,99.0,8,9,7,8,0,0
9,MOMENTS IN TIME (H474),A Badel,C S Shum,1065,8,52,99.1,4,4,5,9,0,0
1,NIMBLE NIMBUS (E249),A Atzeni,P F Yiu,1156,5,7,111.0,7,8,10,10,1,0
2,FIVE G PATCH (G286),M Chadwick,A S Cruz,1020,1,8,111.3,10,10,9,9,2,0
3,STRAIGHT ARRON (G435),H Bowman,C Fownes,1119,3,9,112.5,14,13,12,11,3,0
4,LA CITY BLANCHE (G371),K Teetan,A S Cruz,1010,7,10,113.0,9,9,7,7,4,0
5,CHAMPION DRAGON (G070),Y L Chung,A S Cruz,1130,8,21,114.8,5,2,2,2,5,0
6,FANTASTIC TREASURE (E269),M L Yeung,D A Hayes,1220,10,37,115.8,3,5,8,8,6,0
7,HAPPY TOGETHER (G446),A Badel,F C Lor,1130,2,3,115.8,6,7,6,6,7,0
8,ENCOUNTERED (G236),K C Leung,K L Man,1155,12,15,115.9,2,3,5,5,8,0
9,SPIRITED EXPRESS (G356),M F Poon,P F Yiu,1196,6,23,116.9,11,11,13,13,9,0
10,SWORD POINT (G448),L Hewitson,F C Lor,1137,4,10,108.3,4,4,3,3,10,0
11,TOURBILLON DIAMOND (E054),H Bentley,M Newnham,1237,9,37,108.4,12,12,11,12,11,0
12,SUPER SUNNY SING (G319),B Avdulla,W Y So,1116,14,9,108.6,8,6,4,4,12,0
13,SENOR TOBA (G103),K De Melo,C Fownes,1167,11,50,110.6,13,14,14,14,13,0
14,MONEY CATCHER (G171),L Ferraris,F C Lor,1143,13,45,111.4,1,1,1,1,14,0
1,SUNLIGHT POWER (H244),H Bentley,P F Yiu,1082,7,4,88.7,8,7,7,1,0,0
2,ARIEL (G223),L Hewitson,D A Hayes,1219,1,7,90.7,1,1,1,2,0,0
3,TOP SCORER (J120),Z Purton,J Size,1235,12,4,84.4,9,14,14,3,0,0
4,CAN'T GO WONG (H087),M F Poon,F C Lor,1157,14,39,84.7,14,12,12,4,0,0
5,PATCH OF TIME (H483),L Ferraris,K H Ting,1136,2,9,84.9,2,4,2,5,0,0
6,CORDYCEPS ONE (E107),A Hamelin,C H Yip,1121,6,21,85.0,5,5,5,6,0,0
7,ONLY U (J037),C L Chau,T P Yung,1110,11,73,86.0,11,11,11,7,0,0
8,MASTER TORNADO (G410),K Teetan,W Y So,1189,9,7,86.4,12,10,9,8,0,0
9,SPEEDSTAR (G181),A Badel,D J Hall,1089,5,23,87.2,3,2,3,9,0,0
10,YOU'REMYEVERYTHING (E413),Y L Chung,A S Cruz,1015,3,17,87.8,10,9,10,10,0,0
11,HAPPY FOR ALL (H181),K C Leung,J Richards,1089,10,16,88.4,6,8,6,11,0,0
12,JOY OF SPRING (H383),H Bowman,C Fownes,1008,8,12,89.2,13,13,13,12,0,0
13,RAINBOW DELIGHT (J009),M Chadwick,D J Whyte,1047,4,97,90.1,7,6,8,13,0,0
14,ISLAND GOLDEN (H018),B Avdulla,K L Man,1073,13,54,91.2,4,3,4,14,0,0
1,BUNDLE OF CHARM (G213),A Badel,J Size,1183,9,18,68.3,9,9,1,0,0,0
2,GUMMY GUMMY (H089),A Hamelin,T P Yung,1198,1,2,68.5,5,3,2,0,0,0
3,WONDER KIT (G455),L Hewitson,K W Lui,1110,8,12,71.7,3,4,3,0,0,0
4,MAGNIAC (H141),Y L Chung,J Richards,1211,7,3,72.0,2,2,4,0,0,0
5,CHANCHENG PRINCE (D270),Z Purton,K W Lui,1178,5,9,74.5,10,7,5,0,0,0
6,YOUTHFUL DEAL (G340),A Atzeni,F C Lor,1197,6,10,74.7,8,6,6,0,0,0
7,SEASONS WIT (H223),H Bowman,J Richards,1096,10,16,76.3,11,10,7,0,0,0
8,PING HAI GALAXY (C377),M Barzalona,J Size,1127,4,19,71.5,1,1,8,0,0,0
9,TELECOM FIGHTERS (D482),K De Melo,Y S Tsui,1126,3,65,71.9,6,8,9,0,0,0
10,NORDIC DRAGON (G467),C L Chau,C S Shum,1127,2,18,74.6,4,5,10,0,0,0
11,XPONENTIAL (D049),K Teetan,D J Whyte,1175,11,23,79.4,7,11,11,0,0,0
1,RATTAN WORLD (G384),Z Purton,J Richards,1090,10,6,72.5,9,8,1,0,0,0
2,SWEET DIAMOND (G063),A Badel,P F Yiu,1174,6,6,72.7,3,3,2,0,0,0
3,MILLENNIUM FALCON (D281),L Hewitson,T P Yung,1181,4,6,73.6,2,2,3,0,0,0
4,GREAT DAYS (H119),K Teetan,P C Ng,1091,8,12,75.3,5,5,4,0,0,0
5,FIGHTING STAR (E255),B Avdulla,C H Yip,1082,13,11,75.3,12,11,5,0,0,0
6,NORDIC COMBINED (G015),J McDonald,W Y So,1061,5,9,75.7,14,14,6,0,0,0
7,SPANGLE FORTUNE (G427),K C Leung,K L Man,1083,3,20,75.9,4,4,7,0,0,0
8,CASA LEGEND (G126),A Atzeni,C W Chang,1161,12,21,78.3,13,12,8,0,0,0
9,DAILY TROPHY (H283),E C W Wong,C Fownes,1164,2,7,78.5,7,7,9,0,0,0
10,CHOICERUS (H029),H Bowman,D J Whyte,1079,1,8,79.7,10,10,10,0,0,0
11,DASHING GLORY (G397),Y L Chung,Y S Tsui,1093,7,55,71.7,11,13,11,0,0,0
12,FINGERS CROSSED (G403),M Chadwick,M Newnham,1269,11,39,72.0,6,6,12,0,0,0
13,EIGHT TRIGRAMS (C102),H T Mo,Y S Tsui,1173,14,26,72.1,1,1,13,0,0,0
14,ALL IS READY (G042),L Ferraris,M Newnham,1241,9,18,78.9,8,9,14,0,0,0
1,GOLDEN RISE (H242),Z Purton,J Size,1011,2,2,89.8,6,7,3,1,0,0
2,RIVER VIEWS (G212),K Teetan,T P Yung,1155,5,10,83.2,1,1,1,2,0,0
3,FIGHT TIME (H409),M F Poon,D J Hall,1066,1,102,85.4,10,10,5,3,0,0
4,CALIFORNIATOTALITY (H418),Y L Chung,A S Cruz,1032,7,3,85.5,11,11,11,4,0,0
5,DEVAS TWELVE (H435),M Chadwick,W Y So,1098,6,13,86.0,8,8,10,5,0,0
6,NISHIKADO (H172),L Hewitson,Y S Tsui,1167,4,34,86.8,3,4,2,6,0,0
7,CIRCUIT MIGHTY (G078),H Bowman,K L Man,1026,14,10,86.9,4,3,4,7,0,0
8,FAST VICTORY (H393),K C Leung,D A Hayes,1081,8,135,88.1,12,12,6,8,0,0
9,CHARITY BINGO (H254),J McDonald,C S Shum,1058,10,15,90.9,13,14,13,9,0,0
10,GALVANIC (H147),C Y Ho,C Fownes,1079,9,13,92.4,9,9,9,10,0,0
11,AMAZINGTEAMWORK (H488),K De Melo,W K Mo,1270,12,189,86.0,14,13,12,11,0,0
12,SUNNY SHINES (H484),A Atzeni,P C Ng,1097,13,244,88.9,7,6,8,12,0,0
13,BULB PRINCE (G179),A Hamelin,C H Yip,1004,3,85,87.7,5,5,7,13,0,0
1,WUNDERBAR (H411),J McDonald,J Size,1194,2,2,77.3,2,2,1,0,0,0
2,KA YING RISING (J062),Z Purton,D A Hayes,1108,10,1,77.5,1,1,2,0,0,0
3,READY TO WIN (E422),A Badel,F C Lor,1125,4,49,73.5,6,4,3,0,0,0
4,ACE VICTORY (H076),M L Yeung,T P Yung,1237,1,89,73.7,5,3,4,0,0,0
5,PARTERRE (E234),L Hewitson,W Y So,1155,8,106,76.4,10,8,5,0,0,0
6,SOLAR PARTNER (E364),H Bentley,P F Yiu,1236,9,27,78.5,7,6,6,0,0,0
7,JUMBO FORTUNE (G195),K De Melo,P C Ng,1294,5,43,71.6,8,9,7,0,0,0
8,IMA SINGLE MAN (D476),Y L Chung,A S Cruz,1204,6,26,75.4,9,10,8,0,0,0
9,SOLAR UP (J134),M Chadwick,C W Chang,1142,3,100,78.2,4,5,9,0,0,0
10,KYEEMA (J055),L Ferraris,M Newnham,976,7,27,73.0,3,7,10,0,0,0
1,RUBYLOT (H412),H Bowman,D A Hayes,1116,5,7,66.0,13,9,1,0,0,0
2,MIDORI BEAUTY (G334),K De Melo,W Y So,1256,13,33,66.5,8,7,2,0,0,0
4,JAZZ CLUB (G285),M Chadwick,K L Man,1151,9,100,58.6,7,10,4,0,0,0
5,SKY TRUST (J161),C Y Ho,C Fownes,1146,8,35,61.8,9,11,5,0,0,0
6,FUN ELITE (J042),L Hewitson,T P Yung,1169,10,1,62.7,11,5,6,0,0,0
7,VALIANT ELEGANCE (D285),A Atzeni,D J Whyte,1131,11,57,63.3,6,6,7,0,0,0
8,SUPER COMMANDER (D350),E C W Wong,P C Ng,1077,3,10,63.5,2,2,8,0,0,0
9,HO HO STAR (H291),A Badel,C H Yip,1117,7,34,65.2,12,12,9,0,0,0
10,PANDA (H466),K Teetan,C H Yip,1068,14,8,65.6,5,8,10,0,0,0
11,HAYDAY (H321),M F Poon,P F Yiu,1123,6,38,66.5,3,3,11,0,0,0
12,GLORY B (H373),H Bentley,D J Whyte,1071,4,143,61.6,14,14,12,0,0,0
13,SUPER AXIOM (E105),Y L Chung,Y S Tsui,1270,2,48,65.5,1,1,13,0,0,0
14,SAME TO YOU (H057),K C Leung,M Newnham,982,1,195,68.1,10,13,14,0,0,0
1,SUPERB KID (H298),H Bowman,K W Lui,1029,8,6,85.5,8,9,10,1,0,0
2,SUNLIGHT POWER (H244),H Bentley,P F Yiu,1073,14,19,86.3,12,11,8,2,0,0
3,CIRCUIT NINE (G140),A Atzeni,W K Mo,1161,1,13,88.0,7,5,6,3,0,0
4,GOLDEN BULL (H019),J McDonald,C S Shum,1158,7,6,88.5,5,7,7,4,0,0
5,FUN N GLORY (G003),C Y Ho,W Y So,1191,9,44,89.8,1,1,1,5,0,0
6,COMPASSION SPIRIT (D167),Z Purton,K L Man,1119,6,4,90.0,4,4,4,6,0,0
7,LUCKY PLANET (H235),K Teetan,D J Whyte,1076,3,4,90.8,6,6,5,7,0,0
8,PRIME MORTAR (G328),M Chadwick,K H Ting,1066,13,45,91.4,13,10,11,8,0,0
9,TAKE ACTION (J098),B Avdulla,J Size,1163,4,7,91.8,9,8,9,9,0,0
10,FREE FOAL (E065),K C Leung,F C Lor,1137,2,13,84.0,3,3,3,10,0,0
11,SETANTA (G095),L Hewitson,D A Hayes,1219,12,23,84.9,11,14,14,11,0,0
12,MERCHANT PRINCE (H268),M L Yeung,J Richards,1167,11,178,85.9,14,13,12,12,0,0
13,FURY AND GOLD (H202),K De Melo,C H Yip,1126,5,197,88.2,10,12,13,13,0,0
14,SMART FOLKS (D343),A Hamelin,C W Chang,1151,10,69,90.3,2,2,2,14,0,0
1,MASSIVE TALENT (H282),M Chadwick,M Newnham,1132,3,11,73.6,5,4,1,0,0,0
2,GENEVA (J114),H Bowman,D J Hall,1223,4,1,75.2,6,6,2,0,0,0
3,SUPER GOLDI (H477),K C Leung,F C Lor,1012,9,6,75.3,11,10,3,0,0,0
4,STRATHPEFFER (H095),K Teetan,D J Whyte,1038,6,5,77.8,8,8,4,0,0,0
5,GANGNAM STAR (H326),H Bentley,P C Ng,1088,2,21,79.3,9,9,5,0,0,0
6,MANYTHANKS FOREVER (J065),A Atzeni,J Richards,1090,1,43,79.5,7,7,6,0,0,0
7,PO ON WAY (H201),A Hamelin,K H Ting,1121,10,20,71.4,13,13,7,0,0,0
8,TRIUMPHANT WARRIOR (H430),L Ferraris,C S Shum,1058,5,37,72.5,3,3,8,0,0,0
9,GO HERO (H315),L Hewitson,Y S Tsui,1042,12,106,72.9,4,5,9,0,0,0
10,EVER VICTORIOUS (H422),C Y Ho,P F Yiu,1021,11,77,76.8,12,11,10,0,0,0
11,PINGWU SPARKLE (J030),J McDonald,T P Yung,1176,14,35,77.7,2,2,11,0,0,0
12,VANTASTIC CHOICE (G401),A Badel,C H Yip,1085,13,12,72.3,1,1,12,0,0,0
13,LE MAILLOT JAUNE (J034),Y L Chung,W K Mo,1242,7,162,79.3,10,12,13,0,0,0
1,VOYAGE BUBBLE (E436),J McDonald,P F Yiu,1230,3,1,102.7,3,3,3,1,0,0
2,BEAUTY ETERNAL (H008),Z Purton,J Size,1206,8,3,95.6,2,2,1,2,0,0
3,BEAUTY JOY (E058),K C Leung,A S Cruz,1035,5,12,97.1,8,8,6,3,0,0
4,CALIFORNIA SPANGLE (E314),H Bowman,A S Cruz,1218,2,5,99.3,1,1,2,4,0,0
5,FANTASTIC TREASURE (E269),K Teetan,D A Hayes,1217,4,81,100.5,6,6,5,5,0,0
6,STRAIGHT ARRON (G435),C Y Ho,C Fownes,1127,1,11,100.9,4,5,4,6,0,0
7,RUSSIAN EMPEROR (E198),A Atzeni,D J Whyte,1160,6,70,101.6,7,7,7,7,0,0
8,HEALTHY HAPPY (D435),A Badel,F C Lor,1203,7,49,104.9,5,4,8,8,0,0
1,NATURAL STORM (C461),A Hamelin,P F Yiu,1126,3,55,127.4,9,8,9,6,1,0
2,ENSUED (H452),K Teetan,J Size,1062,4,2,128.0,3,4,3,3,2,0
5,BUTTERFIELD (C462),Z Purton,C S Shum,1177,1,12,130.0,6,5,6,7,5,0
6,BOURBONAIRE (E365),B Avdulla,J Size,1045,8,75,123.1,1,1,1,1,6,0
7,KA YING GENERATION (J075),A Atzeni,P C Ng,1157,11,31,123.5,11,12,12,12,7,0
8,THE BEST PEACH (H139),H Bowman,A S Cruz,1040,13,9,123.5,14,14,14,14,8,0
9,ELLIPTICAL (J052),C Y Ho,C Fownes,1035,9,15,125.2,12,11,11,13,9,0
10,HAMERON (H265),L Ferraris,K W Lui,1038,5,21,126.2,5,7,7,8,10,0
11,LOOKING GREAT (E053),M F Poon,F C Lor,1131,14,134,128.9,13,13,13,11,11,0
12,BEAUTY LIVE (G057),A Badel,F C Lor,1121,7,117,129.5,10,9,8,10,12,0
13,COLUMBUS COUNTY (C465),H Bentley,C Fownes,1092,12,66,132.3,4,2,2,4,13,0
14,ENIGMA (J077),Y L Chung,A S Cruz,1085,10,71,124.1,7,6,4,5,14,0
1,MUGEN (H338),K Teetan,P C Ng,1116,10,4,83.7,11,11,11,1,0,0
2,SUPERB BOY (G335),A Badel,K W Lui,1118,2,13,87.0,5,4,3,2,0,0
3,ATULLIBIGEAL (G173),Z Purton,D J Hall,1063,5,7,87.0,10,9,8,3,0,0
4,DANCING CODE (G365),C Y Ho,C Fownes,1039,1,3,88.0,8,6,6,4,0,0
5,RED LION (H115),H Bowman,J Size,1133,7,21,89.4,4,5,5,5,0,0
6,HOWDEEPISYOURLOVE (H093),J McDonald,J Size,1180,9,9,90.4,9,10,10,6,0,0
7,DROMBEG BANNER (H117),A Atzeni,P C Ng,1089,8,10,82.6,2,1,1,7,0,0
8,FLAMING RABBIT (H257),Y L Chung,D J Whyte,1121,6,22,84.7,1,2,2,8,0,0
9,EASON (G061),M F Poon,F C Lor,1169,4,112,85.9,6,8,7,9,0,0
10,BRAVEHEARTS (H389),A Hamelin,J Richards,1108,11,159,84.9,7,7,9,10,0,0
1,STORM RIDER (J027),Z Purton,D A Hayes,1122,11,2,82.7,2,2,2,1,0,0
2,THE HEIR (H459),H Bowman,C Fownes,1138,1,3,84.6,7,6,6,2,0,0
3,SILVER UP (J078),M Chadwick,W K Mo,1150,10,18,85.1,6,7,7,3,0,0
4,ENDEARED (H161),A Atzeni,J Size,1041,13,8,85.6,5,5,5,4,0,0
5,RUN RUN COOL (E322),L Ferraris,F C Lor,1216,5,130,86.2,9,9,12,5,0,0
6,ZOOM BOOM (G131),H Bentley,D J Whyte,1109,8,101,87.4,14,13,11,6,0,0
7,LOST CHILD (G461),B Avdulla,C W Chang,1191,7,11,87.9,11,10,10,7,0,0
8,MIDORI BURLY (J083),M F Poon,P F Yiu,1138,2,16,88.2,13,11,8,8,0,0
9,D STAR (G374),L Hewitson,A S Cruz,1069,12,54,89.6,10,8,9,9,0,0
10,ARMOUR WAR EAGLE (J039),M L Yeung,K H Ting,1123,3,15,91.7,4,3,3,10,0,0
11,GOLDEN EMPIRE (E490),C Y Ho,K W Lui,1089,14,41,84.4,8,14,13,11,0,0
12,BONUS PAL (H360),K De Melo,P C Ng,1091,4,239,85.3,12,12,14,12,0,0
13,RAGNARR (H297),Y L Chung,T P Yung,1076,6,110,85.6,3,4,4,13,0,0
14,HONG KONG HALL (G315),E C W Wong,D J Hall,1180,9,16,88.5,1,1,1,14,0,0
1,SUNNY BABY (E166),Z Purton,D A Hayes,1115,3,5,112.9,6,7,8,9,1,0
2,DIAMOND WINNER (H285),A Hamelin,J Size,1102,6,10,113.0,9,9,10,11,2,0
3,TURTLE AGAIN (H083),K C Leung,T P Yung,1203,1,2,113.1,3,3,3,2,3,0
4,COLOURFUL BARON (G301),L Hewitson,J Richards,1094,7,6,113.7,4,6,6,6,4,0
5,HAPPY HERO (G322),B Avdulla,M Newnham,1060,5,17,114.6,8,8,7,7,5,0
6,FOXHUNTER WAY (E296),C Y Ho,K W Lui,1055,4,8,114.7,7,5,5,5,6,0
7,UNITED ENDEAVORS (G030),M L Yeung,W Y So,1117,2,10,116.2,2,4,4,4,7,0
8,VIVA A LA (G282),M F Poon,K L Man,1103,10,34,116.8,1,1,1,1,8,0
9,FORTUNE TRIPLE (D274),M Chadwick,Y S Tsui,1045,11,24,117.7,11,11,11,8,9,0
10,CLASSIC ARCHI (G295),H Bentley,D J Whyte,1057,8,21,120.1,10,10,9,10,10,0
11,CIRCUIT ELITE (E487),K De Melo,W K Mo,1274,9,34,113.2,5,2,2,3,11,0
1,SUPER CONTENTED (H251),K De Melo,C Fownes,1103,5,2,112.5,1,1,1,1,1,0
2,MR ALADDIN (H386),K Teetan,P C Ng,1081,9,8,113.5,4,4,4,4,2,0
3,SERANGOON (H296),H Bentley,A S Cruz,1104,1,15,113.7,6,5,5,5,3,0
4,PALACE PAL (G172),M F Poon,D J Hall,985,4,10,114.2,7,8,8,7,4,0
5,FOREVER GLORIOUS (G229),C Y Ho,K W Lui,1113,8,6,114.9,2,2,2,2,5,0
6,STRONGEST BOY (H027),Z Purton,D A Hayes,1075,10,5,115.1,10,9,9,9,6,0
7,PRECISE EXPRESS (D198),Y L Chung,P F Yiu,1034,2,16,117.5,5,6,6,6,7,0
8,FLYING SILVER (E478),B Avdulla,C S Shum,1032,3,11,120.0,3,3,3,3,8,0
9,CASA COSMO (G436),L Hewitson,J Richards,1052,7,35,120.5,9,10,10,10,9,0
10,LOOKING COOL (G151),A Atzeni,F C Lor,1134,6,36,113.1,8,7,7,8,10,0
11,VINCY (B213),M L Yeung,C H Yip,1084,11,59,119.3,11,11,11,11,11,0
1,CRYSTAL POWERFUL (H068),A Atzeni,W K Mo,1128,6,6,78.4,5,4,1,0,0,0
2,FLYING PHANTOM (J086),B Avdulla,J Size,1042,9,13,79.9,9,8,2,0,0,0
3,SUPER ELITE (H247),M L Yeung,P F Yiu,1087,10,59,72.8,2,2,3,0,0,0
4,CHEONG FAT (H058),Z Purton,C W Chang,1155,4,5,72.8,10,10,4,0,0,0
5,MULTIDARLING (H148),H T Mo,T P Yung,1245,5,8,74.0,3,3,5,0,0,0
6,DAN ATTACK (H317),A Hamelin,J Richards,1165,11,41,74.0,11,11,6,0,0,0
7,TATTENHAM (H121),L Ferraris,P C Ng,1116,8,17,74.1,7,6,7,0,0,0
8,NORDIC COMBINED (G015),H Bentley,W Y So,1073,1,8,74.9,8,9,8,0,0,0
9,YOUTH POWER (H358),K H Chan,D A Hayes,1035,12,116,75.2,12,12,9,0,0,0
10,SHINKANSEN (H277),K Teetan,D J Whyte,1142,2,3,75.5,6,7,10,0,0,0
11,BRAVE WITNESS (H425),L Hewitson,C S Shum,1075,3,15,75.7,4,5,11,0,0,0
12,MIRACLES (G083),K C Leung,K L Man,1133,7,13,74.8,1,1,12,0,0,0
1,HAPPY UNITED (H208),Z Purton,J Richards,1122,4,2,61.3,2,2,1,0,0,0
2,HEROIC MASTER (G394),A Atzeni,F C Lor,1081,6,6,63.3,5,6,2,0,0,0
3,ATOMIC ENERGY (H150),Y L Chung,A S Cruz,1037,5,7,63.5,3,4,3,0,0,0
4,NICCONI COUNTY (G208),C Y Ho,C Fownes,1151,1,6,63.6,6,5,4,0,0,0
5,CALIFORNIA DEEPLY (G451),L Ferraris,A S Cruz,1095,8,13,64.4,9,8,5,0,0,0
6,FORTUNE WARRIOR (H229),K Teetan,P C Ng,1115,9,7,64.6,1,1,6,0,0,0
7,CHAIN OF GOLD (J138),L Hewitson,W K Mo,1016,3,33,65.9,8,7,7,0,0,0
8,HARMONY N BLESSED (E061),B Avdulla,D A Hayes,1216,2,7,66.5,4,3,8,0,0,0
9,BEAUTY GLORY (E459),H Bentley,A S Cruz,1172,7,27,66.8,7,9,9,0,0,0
10,ENFOLDED (H336),K C Leung,J Richards,1080,10,95,64.4,10,10,10,0,0,0
1,WIN WIN FIGHTER (E347),C Y Ho,K W Lui,1088,5,4,105.9,8,8,8,1,0,0
2,DRAGON STAR (H128),K Teetan,P C Ng,1106,9,9,106.3,2,2,2,2,0,0
3,ATOMIC BEAUTY (H066),K H Chan,A S Cruz,1209,3,5,107.2,3,3,3,3,0,0
4,SATIRICAL GLORY (H073),Z Purton,D A Hayes,1210,8,4,107.6,1,1,1,4,0,0
5,STURDY RUBY (H207),M L Yeung,K L Man,1093,4,6,109.4,7,6,7,5,0,0
6,SUPERB MOVE (G304),Y L Chung,C H Yip,1134,11,11,101.1,5,5,5,6,0,0
7,V LOVE YOU (J048),H Bentley,C S Shum,1086,7,144,101.9,4,4,4,7,0,0
8,RIGHT HONOURABLE (A164),M Chadwick,M Newnham,1035,6,24,106.2,10,10,10,8,0,0
9,INVINCIBLE MISSILE (C037),L Hewitson,C Fownes,1130,2,10,107.0,9,9,11,9,0,0
10,AROMATICA (H437),K C Leung,W Y So,1195,10,23,110.0,12,11,9,10,0,0
11,GOLDEN LINK (D222),M F Poon,P F Yiu,1073,12,36,110.1,11,12,12,11,0,0
12,DRAGON PRIDE (D164),A Hamelin,T P Yung,1117,1,21,102.6,6,7,6,12,0,0
1,HAPPY TRIO (G244),K Teetan,D J Whyte,1072,4,6,74.4,5,4,1,0,0,0
2,ERNEST FEELING (E209),A Hamelin,J Richards,1230,10,17,76.2,11,11,2,0,0,0
3,SUPER EAGLE (G408),Z Purton,W Y So,1077,5,3,76.3,6,7,3,0,0,0
4,KILINDINI (E236),L Hewitson,W K Mo,1150,2,8,78.2,3,3,4,0,0,0
5,MELBOURNE HALL (D118),Y L Chung,D J Hall,1060,3,55,78.3,7,6,5,0,0,0
6,BEAUTY INFINITY (H377),A Atzeni,J Size,1144,8,2,78.8,8,9,6,0,0,0
7,GOLDEN LUCK (H159),K C Leung,K L Man,1094,11,52,79.3,4,5,7,0,0,0
8,PODIUM (H173),K De Melo,C W Chang,1046,7,31,72.2,10,8,8,0,0,0
9,SCOTCH TYCOON (G088),L Ferraris,M Newnham,1115,1,14,73.4,2,1,9,0,0,0
10,COLONEL (D090),H T Mo,P F Yiu,1196,9,22,74.6,1,2,10,0,0,0
11,LUCKY QUALITY (D050),K H Chan,C Fownes,1107,6,26,80.2,9,10,11,0,0,0
1,M UNICORN (G466),C Y Ho,C Fownes,1197,6,2,107.7,9,9,7,1,0,0
2,QUANTUM PATCH (H166),K Teetan,P C Ng,1126,11,6,108.3,12,12,10,2,0,0
3,CALIFORNIA VOCE (H258),B Avdulla,A S Cruz,1093,4,8,109.7,8,8,9,3,0,0
4,ALL BEAUTY (E355),Y L Chung,F C Lor,1191,10,16,102.1,11,11,11,4,0,0
5,SOLID IMPACT (E447),K De Melo,D J Hall,1039,7,13,102.5,5,5,5,5,0,0
6,IVY LEAGUE (H116),L Ferraris,D J Whyte,1213,2,14,102.8,6,6,6,6,0,0
7,LUCKY EIGHT (G204),M F Poon,P F Yiu,1155,1,15,103.1,3,4,4,7,0,0
8,TOURBILLON PRINCE (H122),Z Purton,T P Yung,1166,9,7,105.2,1,1,1,8,0,0
9,SILVER SONIC (H171),H Bentley,K W Lui,1064,5,15,105.5,7,7,8,9,0,0
10,U S S CONSTITUTION (H357),A Atzeni,J Size,1013,12,32,106.6,4,2,2,10,0,0
11,STAR CONTACT (E472),L Hewitson,D A Hayes,1229,8,20,107.1,2,3,3,11,0,0
12,TRADITION (J111),A Hamelin,P C Ng,1002,3,91,102.1,10,10,12,12,0,0
1,WATCH BUDDY (H185),H Bentley,P F Yiu,1109,2,7,72.1,4,6,1,0,0,0
2,RAGING BLIZZARD (H368),K Teetan,J Size,1090,3,1,72.4,3,2,2,0,0,0
3,SUGAR SUGAR (G016),L Ferraris,C Fownes,1103,1,8,74.8,2,3,3,0,0,0
4,ARMOUR EAGLE (G093),A Atzeni,J Richards,1159,8,41,76.4,6,5,4,0,0,0
5,PRINCE OF PORTY (H009),B Avdulla,D J Hall,1162,7,22,76.7,1,1,5,0,0,0
6,TOGEPI (G458),L Hewitson,W K Mo,1057,4,19,77.1,7,7,6,0,0,0
7,GOLDEN SAMURAI (H024),C Y Ho,K W Lui,1200,5,25,78.8,9,9,7,0,0,0
8,STREET CONQUEROR (H341),M L Yeung,A S Cruz,1143,9,17,78.9,11,11,8,0,0,0
9,BEAUTY CHAMP (G137),M Chadwick,D J Whyte,1182,6,82,79.7,8,8,9,0,0,0
10,LUCKY ARCHANGEL (E385),M F Poon,F C Lor,1183,12,74,73.7,5,4,10,0,0,0
11,BON'S A PEARLA (G449),Z Purton,P C Ng,1147,10,8,77.2,10,10,11,0,0,0
12,ONLY U (J037),H T Mo,T P Yung,1120,11,154,77.8,12,12,12,0,0,0
1,TSUEN WAN GLORY (E403),M Chadwick,K L Man,1055,5,7,83.9,5,4,2,1,0,0
2,SMART BEAUTY (G477),Y L Chung,A S Cruz,1092,3,6,84.9,13,13,13,2,0,0
3,DIAMOND DIAMOND (H189),L Hewitson,T P Yung,1203,9,16,87.5,12,12,11,3,0,0
4,FIRE BALL (D087),Z Purton,C H Yip,1040,12,5,87.8,8,7,6,4,0,0
5,DRAGON DELIGHT (G395),H Bowman,D A Hayes,1121,6,4,88.7,9,8,7,5,0,0
6,COPARTNER ERA (C534),K C Leung,W Y So,1124,4,22,89.1,10,11,12,6,0,0
7,BRILLIANT PIONEER (G255),K Teetan,P F Yiu,1059,8,5,90.9,11,10,10,7,0,0
8,DASHING GLORY (G397),H T Mo,Y S Tsui,1098,2,46,92.3,6,5,4,8,0,0
9,GREAT DAYS (H119),A Hamelin,P C Ng,1097,10,20,92.5,4,6,5,9,0,0
10,DARCI LEGEND (G376),A Atzeni,K W Lui,1055,13,39,84.6,14,14,14,10,0,0
11,EAGLE RUN (G415),H Bentley,D J Whyte,1199,14,34,86.1,7,9,9,11,0,0
12,SUPER HORNET (G043),M F Poon,J Richards,1091,1,29,92.1,1,2,3,12,0,0
13,NOIR RIDER (E138),K De Melo,C W Chang,1201,7,44,92.1,2,1,1,13,0,0
14,TACTICAL COMMAND (H197),L Ferraris,M Newnham,1056,11,39,89.9,3,3,8,14,0,0
1,SECOND TO NONE (H319),C Y Ho,K W Lui,1148,5,8,71.3,5,4,1,0,0,0
2,TOP SCORER (J120),Z Purton,J Size,1232,7,2,72.9,4,5,2,0,0,0
3,MASTER MASTERMIND (J024),K Teetan,D A Hayes,1118,6,3,73.8,8,8,3,0,0,0
4,BALLISTIC WIN (J040),C L Chau,T P Yung,1216,1,13,74.1,7,7,4,0,0,0
5,JOY OF SPRING (H383),B Avdulla,C Fownes,1005,11,30,75.1,12,9,5,0,0,0
6,GLORIOUS EXPERT (J028),H Bowman,D J Hall,1108,3,18,76.5,2,2,6,0,0,0
7,KING OBERON (H407),K De Melo,K H Ting,1119,9,148,76.7,9,12,7,0,0,0
8,MR MAESTRO (J033),A Atzeni,J Richards,1179,12,26,78.1,6,6,8,0,0,0
9,CALIFORNIA ICON (H404),L Hewitson,A S Cruz,1147,10,75,78.7,11,11,9,0,0,0
10,COMMANDING MISSILE (G210),Y L Chung,C W Chang,1223,2,15,71.2,1,1,10,0,0,0
11,CRAZY TREASURE (J063),L Ferraris,M Newnham,1047,4,27,71.4,3,3,11,0,0,0
12,JOY FOR YOU (H270),M L Yeung,Y S Tsui,1161,8,135,73.1,10,10,12,0,0,0
1,RUN RUN TIMING (H403),H Bentley,C H Yip,1156,9,3,71.3,1,1,1,0,0,0
2,COPARTNER PRANCE (H408),K De Melo,K W Lui,1108,12,7,72.8,2,2,2,0,0,0
3,INVINCIBLE LUCKY (J119),M Chadwick,M Newnham,1076,3,9,74.5,9,9,3,0,0,0
4,RUBY SAILING (H347),H Bowman,K L Man,1169,10,4,74.5,6,4,4,0,0,0
5,THE GOOD DEAL (G025),Y L Chung,D J Whyte,1125,6,51,76.4,5,5,5,0,0,0
6,KING OF THE COURT (E384),L Hewitson,W Y So,1165,2,9,77.0,11,10,6,0,0,0
7,ISLAND BRIGHT (H363),L Ferraris,P F Yiu,1068,1,23,71.8,3,3,7,0,0,0
8,GUSTY FIGHTER (J029),A Atzeni,J Richards,1080,8,56,72.5,8,7,8,0,0,0
9,FUNG (J101),K C Leung,C W Chang,1137,4,60,74.8,7,8,9,0,0,0
10,FLYING ROMANTIC (J057),B Avdulla,D J Hall,1104,11,80,75.2,12,12,10,0,0,0
11,MUST GO (J133),Z Purton,J Size,1148,7,8,76.9,4,6,11,0,0,0
12,SIGHT HERO (D487),K Teetan,D A Hayes,1324,5,7,74.7,10,11,12,0,0,0
1,SUPER COMMANDER (D350),K Teetan,P C Ng,1084,12,7,57.5,1,1,1,0,0,0
2,LIFELINE EXPRESS (H439),A Atzeni,J Size,1126,7,7,59.0,6,3,2,0,0,0
3,JAMES TAK (J007),E C W Wong,T P Yung,1150,6,1,59.6,2,2,3,0,0,0
4,CHILLI BABA (G339),Y L Chung,P F Yiu,1175,11,10,60.7,8,7,4,0,0,0
5,LESS IS MORE (H406),H Bowman,F C Lor,1097,10,24,60.9,11,10,5,0,0,0
6,TIMESTORM (G109),M F Poon,D J Hall,1063,14,21,63.6,10,8,6,0,0,0
7,WINNING GOLD (H461),K De Melo,W Y So,1035,8,169,60.2,9,9,7,0,0,0
8,HERO WARRIOR (J006),C L Chau,T P Yung,1029,1,105,62.4,12,11,8,0,0,0
9,RED ELEGANCE (H241),B Avdulla,J Richards,1091,3,22,63.4,3,5,9,0,0,0
10,SPARKLING DOLPHIN (C332),H T Mo,Y S Tsui,1221,2,43,64.3,7,12,10,0,0,0
11,VALIANT ELEGANCE (D285),H Bentley,D J Whyte,1138,5,43,65.6,5,6,11,0,0,0
12,UNIVERSAL PURSUIT (H286),L Hewitson,K W Lui,1065,4,56,59.2,4,4,12,0,0,0
1,VOLCANIC SPARK (H388),H Bowman,P F Yiu,1083,2,3,90.7,11,9,8,1,0,0
2,MASTER TORNADO (G410),K Teetan,W Y So,1187,5,12,90.8,3,4,4,2,0,0
3,PATCH OF TIME (H483),L Ferraris,K H Ting,1145,11,24,83.5,1,1,1,3,0,0
4,ACA POWER (E144),K De Melo,D J Hall,1017,3,18,84.7,6,8,7,4,0,0
5,KASI FARASI (B385),L Hewitson,C H Yip,1087,6,9,86.8,10,10,11,5,0,0
6,HAPPY FOR ALL (H181),K C Leung,J Richards,1099,13,15,87.1,2,2,2,6,0,0
7,GLORY CLOUD (H320),H Bentley,C Fownes,1058,1,22,88.9,5,6,6,7,0,0
8,SUPER HIGHWAY (G050),M Chadwick,F C Lor,1201,10,48,89.2,13,12,10,8,0,0
9,NOBLE ONE (G278),A Atzeni,K W Lui,1117,12,13,89.3,14,13,14,9,0,0
10,FIGHTING MACHINE (J015),Z Purton,P C Ng,1082,14,3,89.4,12,14,13,10,0,0
11,WINNING HEART (H065),Y L Chung,A S Cruz,1142,4,31,92.4,4,5,5,11,0,0
12,RED MAVERICK (J067),M L Yeung,Y S Tsui,1269,9,203,86.1,8,3,3,12,0,0
13,TOP PEAK (H441),C L Chau,T P Yung,1226,8,11,92.1,7,7,9,13,0,0
14,DUBLIN STAR (C436),M F Poon,K L Man,1261,7,46,93.6,9,11,12,14,0,0
1,HOLY LAKE (H260),C Y Ho,K W Lui,1118,8,11,96.2,2,4,4,1,0,0
2,ARIEL (G223),L Ferraris,D A Hayes,1207,10,9,97.3,1,1,1,2,0,0
3,LUCKY ETERNITY (G478),H Bowman,T P Yung,1047,7,6,99.1,5,5,6,3,0,0
4,BEER PALACE (H361),K Teetan,M Newnham,1100,4,17,99.4,9,9,8,4,0,0
5,CHATEAU (H214),A Atzeni,J Size,1071,2,5,99.6,7,7,7,5,0,0
6,JOYFUL PROSPERITY (H213),B Avdulla,C W Chang,1076,11,15,100.8,11,6,2,6,0,0
7,WINNING STEPS (G420),H Bentley,P C Ng,1168,13,22,101.8,13,14,13,7,0,0
8,BEATO (H090),Z Purton,A S Cruz,1134,5,2,102.0,6,3,5,8,0,0
9,ROBOT FIGHTER (H309),C L Chau,K L Man,1112,1,65,103.3,8,11,11,9,0,0
10,G LINER (H072),K C Leung,J Richards,1113,12,48,104.4,3,2,3,10,0,0
11,SPLENDID STAR (G026),M Chadwick,D J Whyte,1106,14,50,97.4,14,13,14,11,0,0
12,JOYFUL FRIENDSHIP (H295),M F Poon,P F Yiu,1151,3,42,97.7,4,8,9,12,0,0
13,UP AND UP (H163),L Hewitson,C S Shum,1089,9,111,102.1,12,10,10,13,0,0
14,NORTHERN BEAST (H233),A Hamelin,D J Hall,1107,6,13,104.2,10,12,12,14,0,0
1,GALAXY PATCH (H399),K Teetan,P C Ng,1150,5,1,74.8,6,5,1,0,0,0
2,GUMMY GUMMY (H089),L Hewitson,T P Yung,1190,4,21,77.3,4,4,2,0,0,0
3,LUCKY ENCOUNTER (H274),A Atzeni,D A Hayes,1094,8,7,73.0,5,6,3,0,0,0
4,BUNDLE OF CHARM (G213),B Avdulla,J Size,1178,2,9,73.2,2,2,4,0,0,0
5,PING HAI GALAXY (C377),H Bowman,J Size,1137,3,40,74.2,1,1,5,0,0,0
6,KEEFY (G306),Y L Chung,F C Lor,1175,1,39,75.7,3,3,6,0,0,0
7,WINNING ICEY (G246),C Y Ho,C Fownes,1186,6,27,76.7,8,8,7,0,0,0
8,CARROLL STREET (D489),H Bentley,D J Whyte,1119,7,53,77.1,9,7,8,0,0,0
9,REWARDING TOGETHER (D334),M Chadwick,F C Lor,1229,9,55,78.2,7,9,9,0,0,0
1,I GIVE (H036),A Atzeni,P C Ng,1186,7,5,69.7,1,1,1,0,0,0
2,MAGNIFICENT NINE (H433),Z Purton,J Size,1125,5,3,72.4,5,5,2,0,0,0
3,SUPER FORTUNE (G065),M F Poon,A S Cruz,1215,3,7,72.7,2,2,3,0,0,0
4,COTTON FINGERS (H398),H Bowman,W Y So,1150,1,3,75.0,6,6,4,0,0,0
5,GIDDY UP (J020),A Hamelin,J Richards,1129,2,13,76.2,9,9,5,0,0,0
6,VIVA GRACIOUSNESS (J079),K Teetan,A S Cruz,1080,9,59,78.0,7,7,6,0,0,0
7,PULSAR STRIDER (G407),L Hewitson,T P Yung,1167,8,62,78.8,4,3,7,0,0,0
8,POWER KOEPP (E301),M Chadwick,K L Man,1111,11,81,78.9,12,11,8,0,0,0
10,MASTER STROKE (J036),K De Melo,C H Yip,1042,4,199,71.9,8,8,10,0,0,0
11,STAR LINE (J110),B Avdulla,D J Hall,1190,6,17,73.2,10,12,11,0,0,0
12,DENFIELD (G471),L Ferraris,C S Shum,1142,10,20,74.3,3,4,12,0,0,0
1,FALLON (H219),M L Yeung,A S Cruz,1123,6,15,103.0,10,12,13,1,0,0
2,SIMPLE HEDGE (H237),Z Purton,J Size,1154,10,4,95.9,8,6,5,2,0,0
3,GOLDEN ARTIE (G434),A Atzeni,P F Yiu,1215,4,12,96.0,7,9,9,3,0,0
4,CHANCHENG GLORY (H212),L Hewitson,K W Lui,1169,7,2,97.8,3,4,3,4,0,0
5,SPEED DRAGON (H380),C Y Ho,K W Lui,1162,11,6,98.5,13,13,12,5,0,0
6,BEAUTY MISSILE (H123),Y L Chung,F C Lor,1207,3,15,99.4,2,1,1,6,0,0
7,STAR MAC (J053),K C Leung,D A Hayes,1197,8,7,99.6,12,11,10,7,0,0
8,KA YING GENERATION (J075),K Teetan,P C Ng,1156,2,17,100.9,5,7,4,8,0,0
9,ELLIPTICAL (J052),H Bowman,C Fownes,1044,14,42,101.4,14,14,14,9,0,0
10,NOT A FEW (J109),H Bentley,D J Whyte,1023,13,259,100.1,11,10,11,10,0,0
11,WINDICATOR FAMILY (H419),H T Mo,D J Hall,983,1,145,100.7,6,5,6,11,0,0
12,HAKKA RADIANCE (J105),K De Melo,W K Mo,1152,5,52,100.8,9,8,8,12,0,0
13,I KEEP WINNING (H400),M Chadwick,T P Yung,1214,9,191,103.8,1,2,2,13,0,0
14,EIGHTEEN CARAT (J104),A Hamelin,C S Shum,1135,12,136,98.1,4,3,7,14,0,0
1,AMAZING DUCK (H392),M F Poon,K H Ting,1084,1,47,86.6,1,1,1,1,0,0
2,BEAUTY CRESCENT (H334),Z Purton,A S Cruz,1068,2,3,86.9,8,8,8,2,0,0
3,BEAUTY FIT (E279),A Hamelin,J Size,1210,14,8,86.9,3,4,4,3,0,0
4,JOYFUL HUNTER (H198),C Y Ho,K W Lui,1172,4,2,88.3,7,7,6,4,0,0
5,JOLLY RULER (E346),L Hewitson,P F Yiu,1170,10,74,88.6,6,6,5,5,0,0
6,STORM LEGEND (G139),H Bentley,C Fownes,1066,3,24,90.1,10,10,9,6,0,0
7,FLYING MOJITO (G412),M L Yeung,D J Hall,1100,9,19,90.1,9,9,10,7,0,0
8,LESLIE (E471),K C Leung,C W Chang,1172,7,13,90.3,12,14,13,8,0,0
9,SWIFT ASCEND (H395),K Teetan,D J Whyte,1048,13,17,83.1,5,5,7,9,0,0
10,ORIENTAL SMOKE (E467),K H Chan,D A Hayes,1247,5,112,84.3,11,11,12,10,0,0
11,JUMBO FORTUNE (G195),K De Melo,P C Ng,1295,11,19,84.3,13,12,11,11,0,0
12,FASHION LEGEND (J080),B Avdulla,C Fownes,1037,6,87,84.4,4,3,3,12,0,0
13,MASSIVE ACTION (E445),E C W Wong,F C Lor,1209,8,8,84.9,2,2,2,13,0,0
14,I CAN (H381),A Atzeni,P C Ng,1080,12,42,90.2,14,13,14,14,0,0
1,MODEST GENTLEMAN (G352),A Atzeni,K W Lui,1058,1,4,58.1,6,3,1,0,0,0
2,HAPPY TANGO (D075),L Hewitson,Y S Tsui,1236,4,6,59.6,9,5,2,0,0,0
3,AUGUST MOON (D409),Y L Chung,J Richards,1146,7,12,61.0,4,6,3,0,0,0
4,MULTIMORE (D443),E C W Wong,T P Yung,1262,9,11,62.4,1,4,4,0,0,0
5,HAPPY HORSE (H061),H Bowman,K L Man,1107,3,3,64.5,2,1,5,0,0,0
6,MAGIC TRAVELLER (H102),M Chadwick,W Y So,1102,6,56,65.5,8,9,6,0,0,0
7,GOODMANSHIP (E208),K Teetan,D J Whyte,1180,5,3,65.6,7,8,7,0,0,0
8,FINGERS CROSSED (G403),K De Melo,M Newnham,1265,2,17,66.5,3,2,8,0,0,0
9,PERFECT ROCK (G175),H T Mo,Y S Tsui,1102,8,40,67.7,5,7,9,0,0,0
1,SIMPLY MAVERICK (H346),C Y Ho,P F Yiu,1207,7,1,104.9,2,2,2,1,0,0
2,LOVERO (H451),Y L Chung,A S Cruz,1127,1,40,108.1,3,3,3,2,0,0
3,FEARLESS FIRE (B085),K Teetan,D A Hayes,1188,5,10,102.3,1,1,1,3,0,0
4,CLUB SODA (H312),A Atzeni,J Size,1140,4,25,103.3,4,4,4,4,0,0
5,STORMTROUPER (E100),L Hewitson,C H Yip,1133,6,24,103.8,7,8,7,5,0,0
6,OWNERS' PRAISE (H047),H Bowman,W Y So,1277,9,8,104.0,9,9,10,6,0,0
7,RUNNING AHEAD (G313),C L Chau,T P Yung,1052,3,24,105.8,5,5,5,7,0,0
8,TO INFINITY (G277),K C Leung,J Richards,1037,2,14,106.4,6,6,6,8,0,0
9,YEE CHEONG WARRIOR (E025),M F Poon,D J Hall,1094,10,50,106.9,10,10,9,9,0,0
10,E TALENT (H310),K De Melo,K L Man,1172,8,132,110.4,8,7,8,10,0,0
1,RED HARE KING (H188),L Hewitson,A S Cruz,1092,1,2,106.0,4,4,4,1,0,0
2,AMAZING TEENS (E449),A Atzeni,J Size,1076,9,25,106.7,7,8,8,2,0,0
3,SAMARKAND (H070),C L Chau,D A Hayes,1177,3,8,109.4,5,6,6,3,0,0
4,SUPER BABY (G364),L Ferraris,M Newnham,1169,4,6,109.9,3,3,3,4,0,0
5,BEAU GOSSE (G389),K Teetan,D J Whyte,1105,2,8,101.8,6,5,5,5,0,0
6,DOUBLE WIN (H382),A Hamelin,T P Yung,1114,11,17,102.1,1,1,1,6,0,0
7,KILLER INSTINCT (G020),H Bentley,C Fownes,1087,10,26,104.7,11,10,9,7,0,0
8,TOTAL POWER (D138),H Bowman,D J Hall,1102,5,6,107.5,8,7,7,8,0,0
9,AFFIRM (H306),M F Poon,P F Yiu,1181,8,10,107.7,2,2,2,9,0,0
10,YOUNG VICTORY (D399),Y L Chung,W Y So,1062,6,35,102.6,9,9,10,10,0,0
11,TOURBILLON FLOW (J061),A Badel,C S Shum,1252,7,103,105.8,10,11,11,11,0,0
1,MEGA BONUS (E184),L Ferraris,P F Yiu,1258,11,18,76.4,1,1,1,0,0,0
2,HIGH RISE SOLDIER (C511),C Y Ho,K W Lui,1059,2,4,77.6,3,2,2,0,0,0
3,GREAT ACHIEVER (J049),C L Chau,T P Yung,1058,1,12,77.8,5,5,3,0,0,0
4,TALENTS SUPREMO (H133),H Bowman,W K Mo,1105,10,6,78.5,11,8,4,0,0,0
5,HARMONY N HOME (C531),M F Poon,C S Shum,1085,7,18,79.9,9,9,5,0,0,0
6,MR GOOD VIBES (H180),K De Melo,D J Hall,1072,8,85,71.5,10,12,6,0,0,0
7,VALHALLA (E495),A Badel,C Fownes,1174,9,12,71.6,8,10,7,0,0,0
8,COUNTRY DANCER (H436),B Avdulla,J Size,1114,12,61,71.6,12,11,8,0,0,0
9,GALLANT CROWN (D359),K H Chan,D A Hayes,1078,4,43,72.7,2,3,9,0,0,0
10,SPEEDY CHARIOT (H193),K Teetan,D J Whyte,1085,3,5,73.0,4,4,10,0,0,0
11,SEA SAPPHIRE (H343),A Atzeni,P C Ng,1061,6,5,74.3,6,7,11,0,0,0
12,WOOD ON FIRE (C460),K C Leung,C W Chang,1137,5,6,72.2,7,6,12,0,0,0
1,LYRICAL MOTION (G081),E C W Wong,C Fownes,1092,5,2,74.6,5,5,1,0,0,0
2,SUPER EAGLE (G408),A Badel,W Y So,1076,10,10,76.9,6,6,2,0,0,0
3,GALLANT VALOUR (H323),B Avdulla,J Richards,1096,2,3,77.3,4,4,3,0,0,0
4,GOLD TACK (H106),K De Melo,D J Hall,1038,7,15,79.3,10,10,4,0,0,0
5,SIGHT VICTORY (H378),A Atzeni,J Size,1111,12,95,79.5,11,11,5,0,0,0
6,EASY SNIP (G211),K Teetan,T P Yung,1227,11,15,79.8,12,12,6,0,0,0
7,HERO STAR (D033),M Chadwick,K L Man,1145,8,22,71.1,2,2,7,0,0,0
8,JOY COMING (H149),C Y Ho,K W Lui,1151,6,8,71.5,7,7,8,0,0,0
9,KING INVINCIBLE (H199),K C Leung,F C Lor,1016,3,17,71.7,3,3,9,0,0,0
10,SUPER ELITE (H247),M F Poon,P F Yiu,1088,1,19,72.3,8,8,10,0,0,0
11,HAPPY FAT CAT (G166),Y L Chung,W K Mo,1091,4,24,75.2,1,1,11,0,0,0
12,HEARTY WISH (E343),H Bentley,D J Whyte,1069,9,54,76.1,9,9,12,0,0,0
1,HAPPY TOGETHER (G446),A Badel,F C Lor,1138,3,4,110.9,6,5,5,6,1,0
2,LA CITY BLANCHE (G371),K Teetan,A S Cruz,996,1,10,112.1,9,7,7,8,2,0
3,HELENE FEELING (H215),C Y Ho,C S Shum,1220,9,2,113.5,3,3,3,4,3,0
4,NIMBLE NIMBUS (E249),A Atzeni,P F Yiu,1153,11,16,114.7,2,2,2,2,4,0
5,TOURBILLON DIAMOND (E054),H Bentley,M Newnham,1236,4,25,115.0,10,9,9,9,5,0
6,CHAMPION DRAGON (G070),Y L Chung,A S Cruz,1125,2,20,116.8,8,10,10,11,6,0
7,TELECOM FIGHTERS (D482),L Hewitson,Y S Tsui,1129,8,80,117.8,1,1,1,1,7,0
8,ENCOUNTERED (G236),K C Leung,K L Man,1164,12,11,117.9,7,8,8,7,8,0
9,BERLIN TANGO (E120),M F Poon,A S Cruz,1073,10,66,109.3,12,12,12,12,9,0
10,MONEY CATCHER (G171),M Chadwick,F C Lor,1156,5,27,109.6,5,4,4,3,10,0
11,SWORD POINT (G448),H Bowman,F C Lor,1124,6,7,111.4,4,6,6,5,11,0
12,RISING FROM ASHES (G209),K De Melo,K W Lui,1024,7,35,112.9,11,11,11,10,12,0
1,PRIME MINISTER (D288),M F Poon,P F Yiu,1154,8,37,114.4,10,10,10,9,1,0
2,LEAN HERO (G402),K C Leung,D A Hayes,1166,1,6,114.5,3,5,4,4,2,0
3,SPLENDID LIVING (E192),L Hewitson,P F Yiu,1133,5,22,114.6,1,1,1,1,3,0
4,MAJESTIC VICTORY (E441),Y L Chung,A S Cruz,1036,3,18,115.7,2,3,3,3,4,0
5,TURIN MASCOT (H165),C Y Ho,P C Ng,1092,9,6,116.3,9,9,9,11,5,0
6,EIGHTEEN PALMS (H033),A Badel,C S Shum,1217,12,16,117.1,5,2,2,2,6,0
7,ESCAPE ROUTE (E273),H Bowman,J Size,1072,4,3,117.8,7,8,8,5,7,0
8,GALLANT HERO (E480),K Teetan,D J Hall,1099,11,22,118.8,12,12,12,12,8,0
9,INTREPID WINNER (G144),K De Melo,C W Chang,1061,6,7,119.5,8,7,7,10,9,0
10,UNIVERSAL HORIZON (G360),A Atzeni,K W Lui,1135,2,10,119.9,4,4,5,6,10,0
11,AWESOME FLUKE (J050),K H Chan,C Fownes,1157,10,17,111.9,11,11,11,8,11,0
12,ROMANTIC LAOS (G476),C L Chau,W K Mo,1150,7,6,116.0,6,6,6,7,12,0
1,COPARTNER AMBITION (E218),H Bowman,C S Shum,1127,5,6,77.9,6,6,1,0,0,0
2,CELESTIAL COLOURS (H362),L Hewitson,J Richards,1148,10,8,71.4,1,1,2,0,0,0
3,A AMERIC TE SPECSO (H037),A Atzeni,J Size,1074,3,7,73.0,11,10,3,0,0,0
4,NEVER TOO SOON (E434),K De Melo,D J Hall,1115,6,22,73.8,7,7,4,0,0,0
5,BRAVE STAR (G268),C Y Ho,K W Lui,1098,8,4,73.9,2,2,5,0,0,0
6,EXCELLENT PEERS (G033),M Chadwick,F C Lor,1146,9,24,75.5,9,11,6,0,0,0
7,BEAUTY CHAMP (G137),K Teetan,D J Whyte,1178,1,12,75.5,4,4,7,0,0,0
8,ATOMIC FORCE (G221),H Bentley,C Fownes,1142,11,40,76.2,10,9,8,0,0,0
9,HEALTHY HEALTHY (H203),A Badel,P C Ng,1163,7,3,76.8,3,3,9,0,0,0
10,YOU'REMYEVERYTHING (E413),Y L Chung,A S Cruz,998,4,13,76.9,8,8,10,0,0,0
11,GRATEFUL HEART (D278),C L Chau,W Y So,1122,12,49,77.1,12,12,11,0,0,0
12,CALIFORNIA CIBLE (E431),B Avdulla,A S Cruz,1236,2,26,78.0,5,5,12,0,0,0
1,BEAT HOLLOW (G414),Y L Chung,Y S Tsui,1185,6,6,71.3,2,2,1,0,0,0
2,SUPER JOY (G251),M Chadwick,W K Mo,1110,3,4,71.7,10,6,2,0,0,0
3,ALL IS READY (G042),L Ferraris,M Newnham,1243,4,5,73.5,4,4,3,0,0,0
4,EIGHT TRIGRAMS (C102),H T Mo,Y S Tsui,1162,2,17,75.5,1,1,4,0,0,0
5,CHARMING STEED (E494),H Bentley,C Fownes,1077,5,9,75.8,6,7,5,0,0,0
6,ISLAND SURPRISE (E429),H Bowman,K L Man,1147,8,7,71.0,9,8,6,0,0,0
7,COMPULSORY (E328),K Teetan,C W Chang,1127,10,8,71.1,8,9,7,0,0,0
8,MASTER OF ALL (H177),A Atzeni,W Y So,1066,7,54,71.1,7,10,8,0,0,0
9,PRESTIGE MOOCHI (H314),K H Chan,C H Yip,1062,1,12,71.7,3,3,9,0,0,0
10,VAMOS (G004),K De Melo,D J Hall,1116,9,7,74.9,5,5,10,0,0,0
1,HONG KONG HALL (G315),H Bowman,D J Hall,1188,6,5,78.5,1,1,1,0,0,0
2,SKY HEART (J092),H Bentley,C Fownes,1198,10,8,70.5,12,13,2,0,0,0
3,PATCH OF THETA (H485),C Y Ho,K W Lui,1210,9,3,71.7,5,6,3,0,0,0
4,LUCKY FIONN (J047),A Hamelin,J Richards,1138,12,86,71.9,13,10,4,0,0,0
5,SONIC BOOM (H144),A Badel,K H Ting,1124,2,33,72.1,8,5,5,0,0,0
6,SILVER DESTINY (J096),K Teetan,C H Yip,1174,1,10,72.6,3,3,6,0,0,0
7,LOYAL BO BO (J011),M Chadwick,F C Lor,1195,13,8,74.0,6,7,7,0,0,0
8,HIGH PERCENTAGE (G413),C L Chau,T P Yung,1112,7,11,75.2,4,4,8,0,0,0
9,SIGHT HERO (D487),L Hewitson,D A Hayes,1329,5,14,75.3,7,9,9,0,0,0
10,AMAZINGTEAMWORK (H488),Y L Chung,W K Mo,1283,4,126,77.5,11,12,10,0,0,0
11,BOWSER (H460),A Atzeni,P F Yiu,1185,8,6,77.9,2,2,11,0,0,0
12,PATCH OF KINGDOM (H478),M F Poon,K L Man,1232,11,137,71.9,9,11,12,0,0,0
13,SHINING FORTUNE (G252),B Avdulla,J Size,1091,3,53,75.7,10,8,13,0,0,0
1,AORAKI SUMMIT (H300),A Atzeni,F C Lor,1160,5,3,90.9,2,1,1,1,0,0
2,WINNING DATA (H230),K Teetan,P F Yiu,1158,12,3,87.1,4,2,2,2,0,0
3,CALIFORNIATOTALITY (H418),Y L Chung,A S Cruz,1048,7,27,87.9,8,9,9,3,0,0
4,TAKE ACTION (J098),B Avdulla,J Size,1193,4,22,90.0,6,6,5,4,0,0
5,KASI FARASI (B385),L Hewitson,C H Yip,1103,2,8,90.2,5,5,6,5,0,0
6,ENNEA FORTUNE (E443),A Badel,C H Yip,1144,3,6,91.1,3,4,3,6,0,0
7,SOLID SHALAA (H228),H Bowman,D A Hayes,1169,11,6,84.9,10,10,10,7,0,0
8,SKY FOREVER (E414),C L Chau,K L Man,1073,8,22,85.6,9,7,8,8,0,0
9,KEEN UNITY (G298),M F Poon,K H Ting,1170,13,85,87.8,11,11,11,9,0,0
10,ALWAYS AWESOME (H245),K De Melo,D J Hall,1136,9,31,89.9,13,12,12,10,0,0
11,COURIER MAGIC (H290),H T Mo,J Richards,1067,14,231,91.2,12,14,14,11,0,0
12,WINNING SEVEN (J005),H Bentley,D J Whyte,1128,10,103,91.7,14,13,13,12,0,0
13,GALLANT GOODY (H434),A Hamelin,P F Yiu,1093,6,170,84.1,7,8,7,13,0,0
14,V LOVE YOU (J048),L Ferraris,C S Shum,1103,1,147,85.4,1,3,4,14,0,0
1,SPECIAL HEDGE (H354),C L Chau,T P Yung,1066,1,9,109.3,2,1,1,1,1,0
2,SUPER CONTENTED (H251),K De Melo,C Fownes,1099,9,13,109.6,1,3,3,2,2,0
3,FOREVER FOLKS (G463),A Hamelin,C W Chang,1185,8,27,112.1,3,4,4,4,3,0
4,MISTER DAPPER (H376),H Bowman,D J Whyte,1188,2,3,112.3,8,8,7,6,4,0
5,JUBILATION (G029),K Teetan,W Y So,1096,4,3,113.5,6,5,5,5,5,0
6,SHARPEN BRIGHT (H276),B Avdulla,D J Hall,1007,3,9,115.5,10,10,9,8,6,0
7,DARCI JOY (E161),E C W Wong,P F Yiu,1079,11,15,115.9,11,11,11,12,7,0
8,PEGASUS GENERAL (G189),M Chadwick,K H Ting,1020,13,18,116.0,13,12,12,10,8,0
9,SUPER HONG KONG (D241),H Bentley,K L Man,1067,10,49,109.1,7,7,8,9,9,0
10,PAKISTAN FRIEND (B370),A Atzeni,W Y So,1073,6,25,109.5,5,6,6,7,10,0
11,SERANGOON (H296),L Hewitson,A S Cruz,1119,14,31,110.9,14,14,13,13,11,0
12,ROMANTIC FANTASY (H168),A Badel,C S Shum,1143,7,114,112.5,9,9,10,11,12,0
13,VINCY (B213),Y L Chung,C H Yip,1087,5,39,113.2,12,13,14,14,13,0
14,READY PLAYER ONE (G143),C Y Ho,J Richards,1172,12,18,116.1,4,2,2,3,14,0
1,PLEASANT ENDEAVOR (E114),E C W Wong,P F Yiu,1195,6,19,62.5,3,3,1,0,0,0
2,FLYING HIGH (E204),M Chadwick,W Y So,1114,10,9,63.3,6,6,2,0,0,0
3,CHEVAL VALIANT (E336),Y L Chung,D J Whyte,1132,9,4,64.1,1,1,3,0,0,0
4,O'LINER (H264),H Bowman,T P Yung,1251,3,6,65.6,7,7,4,0,0,0
5,NICCONI COUNTY (G208),K Teetan,C Fownes,1154,2,11,65.8,10,10,5,0,0,0
6,KYRUS DRAGON (H396),A Badel,D J Hall,1026,7,34,66.1,9,9,6,0,0,0
7,NORTHERN BEACHES (H266),L Hewitson,W Y So,1142,8,3,66.2,4,2,7,0,0,0
8,RUN RUN COOL (E322),H Bentley,F C Lor,1213,5,20,66.6,8,8,8,0,0,0
9,CALIFORNIA TOUCH (J051),C Y Ho,W K Mo,1249,1,7,63.8,5,5,9,0,0,0
10,SPARKLING KNIGHT (C201),A Hamelin,C H Yip,1231,4,20,63.4,2,4,10,0,0,0
1,FAST BUCK (H126),A Atzeni,J Size,1172,12,10,76.2,3,3,1,0,0,0
2,DIAMOND FLARE (H224),Y L Chung,M Newnham,1290,6,2,71.7,9,9,2,0,0,0
3,COLOURFUL PRINCE (E418),H Bowman,D J Whyte,1187,2,12,71.8,1,1,3,0,0,0
4,REGENT GLORY (E323),K Teetan,D A Hayes,1087,4,9,72.2,5,5,4,0,0,0
5,DAILY TROPHY (H283),A Badel,C Fownes,1160,8,6,72.2,8,8,5,0,0,0
6,PANDA LEGEND (H002),C Y Ho,W Y So,1248,11,18,73.6,11,11,6,0,0,0
7,BRAVE WITNESS (H425),L Hewitson,C S Shum,1083,5,21,78.6,7,6,7,0,0,0
8,LEAN MASTER (H134),A Hamelin,C H Yip,1070,3,12,70.1,2,2,8,0,0,0
9,MAGIC SUPREME (D144),E C W Wong,K L Man,1125,1,10,71.2,4,4,9,0,0,0
10,TELECOM SPEED (G259),M Chadwick,Y S Tsui,1179,7,20,77.9,6,7,10,0,0,0
11,PATCH OF WATCH (H476),L Ferraris,K H Ting,1177,9,67,71.5,10,10,11,0,0,0
12,EVERYONE'S VICTORY (E177),H Bentley,F C Lor,1156,10,14,73.6,12,12,12,0,0,0
1,WHIZZ KID (E392),H Bentley,A S Cruz,1181,2,25,64.6,2,1,1,0,0,0
2,INVINCIBLE SAGE (H301),A Badel,D J Hall,1098,1,4,57.2,7,3,2,0,0,0
3,PACKING TREADMILL (G161),L Hewitson,K W Lui,1176,7,4,60.2,5,9,3,0,0,0
4,WE ARE HERO (G207),K De Melo,K L Man,1230,4,35,60.2,9,6,4,0,0,0
5,DUKE WAI (C188),K Teetan,P C Ng,1138,8,6,60.3,3,4,5,0,0,0
6,SUPER WEALTHY (D108),A Atzeni,P C Ng,1200,9,22,60.7,4,5,6,0,0,0
7,VICTOR THE WINNER (G404),H Bowman,C S Shum,1097,3,4,61.1,1,2,7,0,0,0
8,SEASONS WIT (H223),M Chadwick,J Richards,1095,5,11,63.1,8,7,8,0,0,0
9,FLYING ACE (G045),M F Poon,D J Hall,1225,6,4,63.7,6,8,9,0,0,0
1,CAPITAL DELIGHT (H262),C Y Ho,C Fownes,1188,7,12,73.5,9,9,1,0,0,0
2,GOOD BUDDY (E097),A Badel,D J Hall,1300,9,12,73.8,3,2,2,0,0,0
3,MARK THE MOMENT (H088),L Hewitson,Y S Tsui,1215,12,9,74.7,1,1,3,0,0,0
4,MONTA FRUTTA (H455),M Chadwick,A S Cruz,1120,4,37,75.2,7,4,4,0,0,0
5,LIGHTNING BOLT (G130),H Bowman,C S Shum,1173,1,14,75.5,12,7,5,0,0,0
6,CALL ME DANDY (G469),Y L Chung,K W Lui,1245,2,2,75.5,5,5,6,0,0,0
7,SELF IMPROVEMENT (H337),C L Chau,K L Man,1115,5,4,76.1,4,3,7,0,0,0
8,TORONADO PHANTOM (E300),A Atzeni,J Size,1138,3,9,77.5,11,10,8,0,0,0
9,LUCKY EIGHT (G204),K De Melo,P F Yiu,1161,6,11,69.2,8,6,9,0,0,0
10,WINGS OF WAR (H162),B Avdulla,J Richards,1145,8,14,72.5,6,8,10,0,0,0
11,MIGHTY ARMOUR (H071),H T Mo,T P Yung,1032,11,182,71.0,10,12,11,0,0,0
12,THE GREAT MASTER (H457),M F Poon,Y S Tsui,1141,10,101,74.9,2,11,12,0,0,0
1,BLUE MARLIN (H078),H Bentley,D J Whyte,1316,4,2,90.0,6,5,3,1,0,0
2,SUPERB BOY (G335),H Bowman,K W Lui,1131,5,4,90.2,2,2,1,2,0,0
3,SILVER UP (J078),M Chadwick,W K Mo,1151,3,74,83.0,10,9,9,3,0,0
4,THE HEIR (H459),A Badel,C Fownes,1149,10,6,83.1,7,7,7,4,0,0
5,MASTER OF FORTUNE (G474),C Y Ho,P C Ng,1255,7,7,83.8,4,4,4,5,0,0
6,SEIZING THE MOMENT (E444),K Teetan,J Size,1074,1,8,88.0,5,6,6,6,0,0
7,SIXTH GENERATION (G120),B Avdulla,J Richards,1180,9,20,88.9,12,11,8,7,0,0
8,SOLAR PARTNER (E364),M F Poon,P F Yiu,1240,12,28,89.2,1,1,2,8,0,0
9,ORIENTAL SMOKE (E467),K H Chan,D A Hayes,1250,8,138,90.2,11,12,11,9,0,0
10,FOREVER CHARM (J081),L Hewitson,M Newnham,1272,13,21,91.7,14,14,13,10,0,0
11,WINNER METHOD (E178),C L Chau,C S Shum,1302,6,22,83.8,8,10,12,11,0,0
12,PINS PRINCE (G013),A Atzeni,J Size,1187,11,46,84.5,13,13,14,12,0,0
13,TRUE GENIUS (J073),Y L Chung,A S Cruz,1068,2,88,92.1,9,8,10,13,0,0
14,E LEGEND (G028),K De Melo,K L Man,1128,14,73,84.2,3,3,5,14,0,0
1,HELIOS EXPRESS (H302),H Bowman,J Size,1119,5,2,98.8,5,6,6,1,0,0
2,SPIRITED EXPRESS (G356),A Badel,P F Yiu,1196,8,39,103.0,8,9,9,2,0,0
3,THE BEST PEACH (H139),L Ferraris,A S Cruz,1039,13,15,103.2,13,13,12,3,0,0
4,MR ASCENDENCY (G227),H Bentley,P F Yiu,1131,7,116,103.6,9,11,11,4,0,0
5,ALACRITY (H210),K Teetan,J Richards,1101,2,7,95.3,3,3,3,5,0,0
6,SUPER SUNNY SING (G319),C Y Ho,W Y So,1109,11,6,97.0,10,8,7,6,0,0
7,FLAMING RABBIT (H257),L Hewitson,D J Whyte,1135,9,11,97.1,2,2,1,7,0,0
8,DANCING CODE (G365),A Atzeni,C Fownes,1043,12,7,98.5,12,12,13,8,0,0
9,THE GOLDEN SCENERY (E379),Y L Chung,A S Cruz,1082,3,46,99.3,7,7,8,9,0,0
10,BEAUTY LIVE (G057),M Chadwick,F C Lor,1118,6,61,101.7,6,5,4,10,0,0
11,FIND MY LOVE (H110),B Avdulla,K L Man,1171,10,24,102.0,11,10,10,11,0,0
12,BOURBONAIRE (E365),A Hamelin,J Size,1051,4,56,97.9,4,4,5,12,0,0
13,ALL FOR ST PAUL'S (C517),M F Poon,F C Lor,1115,1,39,98.9,1,1,2,13,0,0
1,BEAUTY INFINITY (H377),A Atzeni,J Size,1149,2,2,77.7,4,3,1,0,0,0
2,KING ECCELLENTE (G264),K Teetan,D J Whyte,1133,3,6,70.1,2,2,2,0,0,0
3,HAPPY FEELING (H443),A Hamelin,J Richards,1071,1,71,74.9,6,6,3,0,0,0
4,GOLDEN LONG (H462),M Chadwick,F C Lor,1099,7,2,79.1,5,5,4,0,0,0
5,TRIUMPHANT WARRIOR (H430),C L Chau,C S Shum,1063,6,10,73.9,7,7,5,0,0,0
6,SUPER AXIOM (E105),Y L Chung,Y S Tsui,1272,8,33,76.4,1,1,6,0,0,0
7,ACE TALENT (H046),L Hewitson,C Fownes,1044,4,10,76.0,3,4,7,0,0,0
8,SPICY SO SMART (G203),H Bentley,P C Ng,1094,5,15,78.9,8,8,8,0,0,0
1,SHINKANSEN (H277),K Teetan,D J Whyte,1132,4,5,71.6,6,5,1,0,0,0
2,TRAVEL GOLF (H063),B Avdulla,C H Yip,1084,2,4,73.4,4,4,2,0,0,0
3,COLONEL (D090),H T Mo,P F Yiu,1193,10,6,74.3,1,1,3,0,0,0
4,HAPPY SOUL (G249),C L Chau,C S Shum,1081,8,18,74.4,9,9,4,0,0,0
5,ROYAL PRIDE (E351),C Y Ho,C Fownes,1078,3,10,76.4,8,7,5,0,0,0
6,MY INTELLIGENT (G031),L Hewitson,W Y So,1116,1,4,76.8,3,3,6,0,0,0
7,FLYING PHANTOM (J086),A Badel,J Size,1037,7,13,77.3,5,6,7,0,0,0
8,YOUTH POWER (H358),K C Leung,D A Hayes,1054,5,81,78.7,10,10,8,0,0,0
9,NEW POWER (H325),A Hamelin,C W Chang,1110,9,31,79.4,7,8,9,0,0,0
10,LUCKY SYMPHONY (J089),A Atzeni,J Richards,1142,6,6,74.7,2,2,10,0,0,0
1,CORDYCEPS ONE (E107),C Y Ho,K W Lui,1113,9,8,106.4,3,5,5,1,0,0
2,MEDIC ELITE (G129),A Badel,P C Ng,1095,7,5,107.0,12,12,11,2,0,0
3,ONE HEART ONE (H004),L Hewitson,D A Hayes,1159,4,3,107.8,6,8,8,3,0,0
4,BIG TWO (E310),H Bentley,D J Whyte,1132,11,24,110.3,11,10,10,4,0,0
5,JOYFUL CHAMPION (G072),M F Poon,C W Chang,1155,2,8,110.7,4,4,4,5,0,0
6,ASIAN ONE (E400),A Atzeni,J Richards,1091,10,17,102.3,9,7,7,6,0,0
7,HANG'S CHOICE (E311),K Teetan,W Y So,1085,6,7,104.9,8,9,9,7,0,0
8,TACTICAL COMMAND (H197),M Chadwick,M Newnham,1060,5,39,105.5,10,11,12,8,0,0
9,HAPPY HUNK (H101),K C Leung,K L Man,1221,3,50,106.6,2,3,3,9,0,0
10,REGENCY HAPPY STAR (H248),Y L Chung,A S Cruz,1059,12,8,111.8,7,1,1,10,0,0
11,MISTER ARM (D491),H T Mo,Y S Tsui,1048,1,18,109.8,1,2,2,11,0,0
12,HAPPY JAI JAI (E069),C L Chau,T P Yung,1110,8,11,110.6,5,6,6,12,0,0
1,SURE JOYFUL (G125),M F Poon,P F Yiu,1070,8,6,106.0,3,3,4,1,0,0
2,WIN WIN FIGHTER (E347),C Y Ho,K W Lui,1082,1,6,107.1,6,6,6,2,0,0
3,AMAZING BOY (D513),K C Leung,C W Chang,1085,2,18,107.9,5,4,3,3,0,0
4,KASA PAPA (G312),C L Chau,T P Yung,1161,7,9,108.0,10,11,11,4,0,0
5,SUPERB MOVE (G304),Y L Chung,C H Yip,1122,11,21,108.2,1,2,2,5,0,0
6,NOBLE WIN (H195),A Badel,J Size,1187,4,6,108.6,4,5,5,6,0,0
7,DRAGON STAR (H128),K Teetan,P C Ng,1130,5,3,108.9,2,1,1,7,0,0
8,PRINCE ALEX (G307),A Atzeni,D J Whyte,1081,6,8,110.3,7,7,7,8,0,0
9,STRONGEST BOY (H027),L Hewitson,D A Hayes,1071,9,7,110.6,9,9,10,9,0,0
10,FORTUNE PRESIDENT (G054),M Chadwick,Y S Tsui,1093,3,32,103.9,8,8,9,10,0,0
11,KILLER INSTINCT (G020),L Ferraris,C Fownes,1096,10,40,107.0,11,10,12,11,0,0
12,MERCHANT PRINCE (H268),K H Chan,J Richards,1170,12,137,107.3,12,12,8,12,0,0
1,SUPER FAST DRAGON (G456),L Hewitson,J Richards,1189,11,3,59.1,9,9,1,0,0,0
2,BEAUTY DESTINY (H281),M Chadwick,F C Lor,1209,1,8,60.6,5,4,2,0,0,0
3,OVERSUBSCRIBED (C361),A Badel,D J Hall,1195,9,16,61.7,6,6,3,0,0,0
4,HARMONY FIRE (E175),H Bentley,D J Whyte,1111,2,8,62.0,3,2,4,0,0,0
5,CIRCUIT SEVEN (D474),M F Poon,W K Mo,1172,6,36,63.2,11,10,5,0,0,0
6,SAVVY DELIGHT (E386),K Teetan,J Size,1221,8,11,63.9,7,7,6,0,0,0
7,SERGEANT PEPPER (E432),C L Chau,Y S Tsui,1148,4,20,64.6,2,3,7,0,0,0
8,LIFE IS GOOD (H118),Y L Chung,P C Ng,1110,3,3,65.0,4,5,8,0,0,0
9,KOWLOON EAST STAR (E158),B Avdulla,K L Man,1253,5,7,59.7,1,1,9,0,0,0
10,SAME TO YOU (H057),L Ferraris,M Newnham,984,7,73,61.5,8,8,10,0,0,0
11,FALCON COURT (J056),A Atzeni,D A Hayes,1131,10,92,71.8,10,11,11,0,0,0
1,GALLANT WAKING (G165),C Y Ho,K W Lui,1114,10,6,103.6,10,10,10,1,0,0
2,MOMENTS IN TIME (H474),Y L Chung,C S Shum,1074,2,10,104.1,2,2,2,2,0,0
3,THESIS (H111),A Badel,F C Lor,1201,1,5,106.2,4,3,3,3,0,0
4,M UNICORN (G466),H Bentley,C Fownes,1193,4,2,107.0,7,7,7,4,0,0
5,IVY LEAGUE (H116),L Ferraris,D J Whyte,1206,7,17,108.1,3,4,4,5,0,0
6,WINNING DRAGON (E461),L Hewitson,A S Cruz,1072,3,23,109.1,5,5,5,6,0,0
7,PRIME MINISTER (D288),M F Poon,P F Yiu,1157,11,35,101.1,11,11,11,7,0,0
8,ABSOLUTE SUNSHINE (H342),A Atzeni,D A Hayes,1111,8,110,102.1,8,8,8,8,0,0
9,FOOLISH HEART (J054),K C Leung,C W Chang,1136,5,11,102.6,9,9,9,9,0,0
10,VIVA HUNTER (E369),H T Mo,K L Man,1180,9,35,103.6,1,1,1,10,0,0
11,TRADITION (J111),K Teetan,P C Ng,996,6,36,104.2,6,6,6,11,0,0
1,BON'S A PEARLA (G449),A Badel,P C Ng,1135,5,7,77.0,9,9,1,0,0,0
2,BEAUTY WAVES (H294),K Teetan,D J Whyte,1190,1,2,77.7,2,2,2,0,0,0
3,SUPERB CAPITALIST (H092),Y L Chung,A S Cruz,1160,2,21,78.0,1,1,3,0,0,0
4,RIGHTEOUS ARION (H059),M Chadwick,A S Cruz,1188,4,6,70.1,7,6,4,0,0,0
5,TOMODACHI KOKOROE (H303),C Y Ho,D A Hayes,1187,8,8,71.9,3,3,5,0,0,0
6,ACT OF FAITH (H082),B Avdulla,J Size,1061,11,52,72.7,8,8,6,0,0,0
7,PARTERRE (E234),L Hewitson,W Y So,1144,10,94,74.5,11,11,7,0,0,0
8,HOSS (H055),H Bentley,P C Ng,1109,9,36,75.5,10,10,8,0,0,0
9,ATOMIC FORCE (G221),L Ferraris,C Fownes,1144,6,23,76.7,6,7,9,0,0,0
10,CHAMPION METHOD (H366),C L Chau,C S Shum,1119,3,15,76.7,4,4,10,0,0,0
11,EXCELLENT FIGHTER (G343),A Atzeni,P F Yiu,1174,7,10,79.2,5,5,11,0,0,0
1,MAJESTIC KNIGHT (G258),K Teetan,D J Whyte,1216,3,4,77.3,2,2,1,0,0,0
2,WONDER KIT (G455),L Hewitson,K W Lui,1101,2,8,77.6,3,4,2,0,0,0
3,HOWDEEPISYOURLOVE (H093),B Avdulla,J Size,1189,1,3,77.7,7,5,3,0,0,0
4,SON PAK FU (G265),C L Chau,T P Yung,1228,7,3,70.8,12,12,4,0,0,0
5,WINNING ICEY (G246),H Bentley,C Fownes,1173,5,20,71.8,6,7,5,0,0,0
6,HARMONY N BLESSED (E061),M Chadwick,D A Hayes,1199,12,64,72.9,1,1,6,0,0,0
7,GOKO WIN (H069),A Badel,C H Yip,1074,10,27,74.5,8,9,7,0,0,0
8,MAJESTIC STAR (E203),A Atzeni,C S Shum,1311,6,24,76.6,9,8,8,0,0,0
9,NORDIC DRAGON (G467),L Ferraris,C S Shum,1137,9,15,77.3,10,10,9,0,0,0
10,DREAM WINNER (H308),C Y Ho,F C Lor,1269,8,15,71.1,4,6,10,0,0,0
11,IMA SINGLE MAN (D476),Y L Chung,A S Cruz,1201,4,30,72.0,11,11,11,0,0,0
12,ASTROLOGER (G102),K C Leung,K L Man,1170,11,79,74.6,5,3,12,0,0,0
1,EIGHTY LIGHT YEARS (H170),E C W Wong,T P Yung,1266,1,2,77.0,2,1,1,0,0,0
2,CHAMPION INSTINCT (H012),A Atzeni,D J Hall,1180,6,8,70.2,9,8,2,0,0,0
3,HANDSOME BOMB (H402),J McDonald,W Y So,1041,5,23,71.6,7,6,3,0,0,0
4,PANDA (H466),K Teetan,C H Yip,1070,3,7,72.3,5,3,4,0,0,0
5,PATCH OF TIME (H483),Z Purton,K H Ting,1152,8,14,72.6,10,9,5,0,0,0
6,GOLDEN LUCK (H159),H Bowman,K L Man,1104,7,14,72.9,6,5,6,0,0,0
7,GANGNAM STAR (H326),M Chadwick,P C Ng,1090,9,21,74.4,11,11,7,0,0,0
8,CALIFORNIA ICON (H404),A Badel,A S Cruz,1150,11,53,75.1,13,12,8,0,0,0
9,JOYFUL LIFE (H426),K C Leung,P F Yiu,1106,12,8,76.9,1,2,9,0,0,0
10,THE GOOD DEAL (G025),L Ferraris,D J Whyte,1128,2,21,77.2,8,10,10,0,0,0
11,HINOKAMI KAGURA (H384),B Avdulla,J Richards,1140,10,92,77.4,12,13,11,0,0,0
12,SPICY GOLD (H440),L Hewitson,M Newnham,1200,13,10,78.2,3,4,12,0,0,0
13,HIGH RISE POWER (H353),C L Chau,K W Lui,1180,4,43,79.0,4,7,13,0,0,0
1,STORM RIDER (J027),Z Purton,D A Hayes,1137,12,1,76.5,5,5,1,0,0,0
2,TELECOM DRAGON (H322),H Bowman,C H Yip,1102,6,3,71.8,9,7,2,0,0,0
3,SPEEDY FORTUNE (H097),B Avdulla,J Size,1042,1,6,73.1,1,1,3,0,0,0
4,CHIU CHOW BROTHER (E188),A Badel,K L Man,1057,8,38,76.7,2,2,4,0,0,0
5,HAPPY GOLF (H056),K C Leung,F C Lor,1212,9,32,76.9,8,9,5,0,0,0
6,MULTIDARLING (H148),H T Mo,T P Yung,1256,4,19,76.9,6,6,6,0,0,0
7,MISTER FOX (J059),K De Melo,D J Hall,1097,3,34,79.4,3,3,7,0,0,0
8,SUPER ELITE (H247),M F Poon,P F Yiu,1099,5,43,79.6,7,8,8,0,0,0
9,GOLDEN CHAMPION (H348),C L Chau,C S Shum,1170,7,80,71.6,11,12,9,0,0,0
10,COMMANDING MISSILE (G210),A Atzeni,C W Chang,1232,2,25,72.6,4,4,10,0,0,0
11,KINGLY DEMEANOR (H486),L Hewitson,A S Cruz,1187,11,72,72.9,10,10,11,0,0,0
12,COURIER MAGIC (H290),M Chadwick,J Richards,1075,10,132,73.2,12,11,12,0,0,0
1,C P BRAVE (E306),J McDonald,P F Yiu,1131,3,3,113.5,5,7,7,5,1,0
2,SWAN BAY (H062),K Teetan,W Y So,1117,10,9,116.2,10,10,10,9,2,0
3,ROMANTIC CHARM (H227),L Hewitson,C S Shum,1179,8,10,111.3,7,5,6,7,3,0
4,KIMBERLEY (H329),A Hamelin,J Richards,1080,4,72,111.6,1,1,1,1,4,0
5,U S S CONSTITUTION (H357),A Atzeni,J Size,1028,2,17,114.1,4,4,4,3,5,0
6,AESTHETICISM (H289),Z Purton,P C Ng,1040,9,2,114.1,8,8,8,8,6,0
7,GOLDEN SAMURAI (H024),C Y Ho,K W Lui,1202,7,11,116.7,9,9,9,10,7,0
8,ENIGMA (J077),L Ferraris,A S Cruz,1086,1,59,117.8,3,3,3,4,8,0
9,ALL IS GOOD (G269),C L Chau,K W Lui,1205,6,51,115.4,2,2,2,2,9,0
10,SILVER KING (H420),H Bowman,F C Lor,1149,5,9,124.6,6,6,5,6,10,0
1,FIRE BALL (D087),Z Purton,C H Yip,1048,14,6,87.4,4,2,2,1,0,0
2,STARSHIP EIGHTY (H022),H Bowman,P C Ng,1262,6,5,87.6,10,10,10,2,0,0
3,BEAT HOLLOW (G414),M Chadwick,Y S Tsui,1190,13,35,89.6,1,1,1,3,0,0
4,BROTHER PEARL (H030),L Ferraris,C H Yip,1044,4,22,90.0,9,9,9,4,0,0
5,CHARMANDER (G437),C Y Ho,J Richards,1155,10,11,90.1,13,13,12,5,0,0
6,APEX TOP (D136),C L Chau,D J Whyte,1233,5,11,90.5,2,3,5,6,0,0
7,FOXHUNTER WAY (E296),L Hewitson,K W Lui,1052,1,31,92.8,5,6,6,7,0,0
8,SPANGLE FORTUNE (G427),K C Leung,K L Man,1086,7,25,84.6,3,4,3,8,0,0
9,CASA LEGEND (G126),A Atzeni,C W Chang,1166,2,8,84.7,12,12,11,9,0,0
10,PERFECT PEACH (E488),K Teetan,A S Cruz,1090,8,6,84.9,8,8,7,10,0,0
11,NORDIC COMBINED (G015),J McDonald,W Y So,1079,11,6,85.2,7,5,4,11,0,0
12,CHARMING STEED (E494),E C W Wong,C Fownes,1092,3,14,87.7,6,7,8,12,0,0
13,HAPPIHOOD (H261),M F Poon,W K Mo,1102,9,132,93.7,11,11,13,13,0,0
14,JUST GREAT TWO (G174),K De Melo,D J Hall,1054,12,90,87.0,14,14,14,14,0,0
1,DREAM PURSUER (G241),H Bowman,K L Man,1228,6,14,90.5,6,6,5,1,0,0
2,LUCKY PLANET (H235),K Teetan,D J Whyte,1086,1,4,91.3,3,3,3,2,0,0
3,GOLDEN RISE (H242),Z Purton,J Size,1015,7,2,91.9,7,7,8,3,0,0
4,DIVINE ERA (D507),K De Melo,K H Ting,1157,2,8,85.1,4,4,4,4,0,0
5,CAN'T GO WONG (H087),K C Leung,F C Lor,1159,8,26,86.2,8,9,7,5,0,0
6,RIVER VIEWS (G212),E C W Wong,T P Yung,1167,4,4,87.8,2,2,2,6,0,0
9,CHILLI BABA (G339),A Atzeni,P F Yiu,1168,10,17,91.2,9,8,9,9,0,0
10,LUCKY GOLD (G112),C Y Ho,K W Lui,1201,11,18,92.8,11,11,11,10,0,0
11,UP AND UP (H163),C L Chau,C S Shum,1096,9,52,93.4,10,10,10,11,0,0
12,SHINE BRIGHT (H385),M F Poon,C H Yip,1031,12,103,88.0,12,12,12,12,0,0
1,ENDEARED (H161),Z Purton,J Size,1037,10,3,86.0,5,4,5,1,0,0
2,CELTIC TIMES (G230),H Bowman,W K Mo,1229,9,7,87.2,9,9,7,2,0,0
3,BEATO (H090),J McDonald,A S Cruz,1144,5,6,87.9,10,10,12,3,0,0
4,SMART FIGHTER (H278),K Teetan,P F Yiu,1158,12,11,91.3,1,3,3,4,0,0
5,GOLDEN BULL (H019),C L Chau,C S Shum,1167,8,7,83.3,6,6,6,5,0,0
6,WAR OF COURAGE (C483),K C Leung,K L Man,1291,1,20,84.1,3,2,2,6,0,0
7,KASI FARASI (B385),L Ferraris,C H Yip,1105,6,22,84.5,11,12,10,7,0,0
8,MACH TEN (G382),M F Poon,P F Yiu,1286,11,22,84.9,12,11,11,8,0,0
9,YOUNG HORIZON (G272),L Hewitson,D A Hayes,1199,4,16,85.4,4,5,4,9,0,0
10,YEABOI (G372),K De Melo,C H Yip,1119,2,35,88.2,7,8,9,10,0,0
11,MORE RICE (H271),M Chadwick,T P Yung,1208,3,15,89.7,8,7,8,11,0,0
12,SUPER TEN (D362),E C W Wong,C W Chang,1264,13,80,90.9,2,1,1,12,0,0
1,TAJ DRAGON (H164),A Atzeni,P C Ng,1031,7,6,90.8,6,5,5,1,0,0
2,HEALTHY HAPPY (D435),A Badel,F C Lor,1195,8,13,84.9,3,1,1,2,0,0
3,BEAUTY JOY (E058),J McDonald,A S Cruz,1042,4,4,86.0,7,7,7,3,0,0
4,FANTASTIC TREASURE (E269),L Hewitson,D A Hayes,1195,2,17,86.0,5,6,6,4,0,0
5,ATULLIBIGEAL (G173),K De Melo,D J Hall,1075,6,10,86.1,8,8,8,5,0,0
6,REWARDING TOGETHER (D334),M Chadwick,F C Lor,1215,5,76,88.4,2,3,4,6,0,0
7,CALIFORNIA SPANGLE (E314),H Bowman,A S Cruz,1215,1,3,89.1,1,2,2,7,0,0
8,RED LION (H115),K Teetan,J Size,1131,3,3,84.5,4,4,3,8,0,0
1,GLOBAL HARMONY (G337),J McDonald,D A Hayes,1171,1,2,87.4,12,12,14,1,0,0
2,SWEET ENCOUNTER (G426),A Atzeni,J Size,1196,3,10,88.5,11,11,6,2,0,0
3,LOST CHILD (G461),B Avdulla,C W Chang,1200,13,10,90.7,13,13,9,3,0,0
4,HAPPY DAILY (E294),A Hamelin,C H Yip,1078,6,11,83.6,2,5,7,4,0,0
5,FLYING MOJITO (G412),L Ferraris,D J Hall,1098,12,27,83.8,14,14,13,5,0,0
6,KAHOLO ANGEL (H216),C Y Ho,C Fownes,1108,14,7,84.4,6,7,5,6,0,0
7,MIDORI BURLY (J083),Z Purton,P F Yiu,1159,2,5,87.8,10,9,11,7,0,0
8,RAGNARR (H297),L Hewitson,T P Yung,1073,10,89,90.7,1,1,1,8,0,0
9,CHIU CHOW SPIRIT (H175),A Badel,K L Man,1214,5,9,91.2,8,6,8,9,0,0
10,I AM THE BOSS (H446),C L Chau,K W Lui,1154,8,34,92.5,7,8,12,10,0,0
11,VIVA GRACIOUSNESS (J079),K Teetan,A S Cruz,1082,4,53,84.2,3,3,4,11,0,0
12,SUGAR BALL (H394),M Chadwick,W K Mo,1185,11,175,85.6,4,2,3,12,0,0
13,MAJESTIC SPEED (J018),M F Poon,C S Shum,1150,7,214,87.1,9,10,10,13,0,0
14,SAVVY CHIC (G261),K De Melo,F C Lor,1163,9,99,92.3,5,4,2,14,0,0
1,WUNDERBAR (H411),J McDonald,J Size,1201,7,5,70.2,3,3,1,0,0,0
2,KA YING RISING (J062),Z Purton,D A Hayes,1094,2,2,70.2,5,5,2,0,0,0
3,MUGEN (H338),K Teetan,P C Ng,1139,5,2,75.8,10,9,3,0,0,0
4,COLOURFUL EMPEROR (H167),L Hewitson,A S Cruz,1050,14,82,76.7,4,4,4,0,0,0
5,PRINCE OF PORTY (H009),B Avdulla,D J Hall,1163,9,13,78.0,7,6,5,0,0,0
6,SUPERB KID (H298),K De Melo,K W Lui,1038,6,110,78.6,8,10,6,0,0,0
7,SUPER FORTUNE (G065),M F Poon,A S Cruz,1223,8,49,70.3,1,1,7,0,0,0
8,SUGAR SUGAR (G016),C Y Ho,C Fownes,1112,13,70,70.4,14,11,8,0,0,0
9,JUMBO FORTUNE (G195),M Chadwick,P C Ng,1304,3,26,72.5,9,7,9,0,0,0
10,NOT USUAL STAR (G396),E C W Wong,W Y So,1043,11,94,72.9,11,12,10,0,0,0
11,ACE VICTORY (H076),A Hamelin,T P Yung,1247,10,256,74.0,2,2,11,0,0,0
12,READY TO WIN (E422),A Badel,F C Lor,1115,12,108,75.3,13,14,12,0,0,0
13,ROBOT MASTER (J107),A Atzeni,P C Ng,1174,4,167,74.9,12,13,13,0,0,0
14,BONUS PAL (H360),K C Leung,P C Ng,1096,1,174,75.4,6,8,14,0,0,0
2,BEAUTY FIT (E279),A Hamelin,J Size,1203,2,9,84.0,7,7,7,2,0,0
3,SWEET BRIAR (H044),L Hewitson,K W Lui,1097,3,9,85.1,5,6,6,3,0,0
4,AMAZING VICTORY (G123),K C Leung,W Y So,1047,4,31,85.2,8,10,9,4,0,0
5,BLUE MARLIN (H078),K Teetan,D J Whyte,1321,14,9,86.6,10,11,11,5,0,0
6,GREEN N WHITE (H186),Z Purton,P F Yiu,1138,10,2,86.8,3,4,3,6,0,0
7,CALIFORNIA VOCE (H258),C Y Ho,A S Cruz,1084,13,20,86.9,13,14,12,7,0,0
8,CHARITY BINGO (H254),K De Melo,C S Shum,1054,5,78,87.2,11,9,10,8,0,0
9,KA YING GENERATION (J075),A Atzeni,P C Ng,1155,7,54,88.6,12,12,13,9,0,0
10,SOLID IMPACT (E447),B Avdulla,D J Hall,1039,8,18,88.7,6,5,5,10,0,0
11,SETANTA (G095),M Chadwick,D A Hayes,1209,11,34,89.7,14,13,14,11,0,0
12,FASHION LEGEND (J080),H Bowman,C Fownes,1048,9,36,90.8,9,8,8,12,0,0
13,SUPER WINNER (C341),K H Chan,C H Yip,1216,12,29,91.6,1,1,1,13,0,0
14,RATTAN KINGDOM (G035),M F Poon,J Richards,1141,1,36,84.8,4,3,4,14,0,0
